Ngrams,Negation,Contrast,Positive entities,Negative entities,Class
ended almost,false,0,0,1,neutral
should be,false,0,0,0,neutral
rally stalls,false,0,0,0,neutral
stalls after,false,0,0,0,neutral
after hitting,false,0,0,0,neutral
hitting month,false,0,0,0,neutral
paves the,false,0,0,0,neutral
the way,false,0,0,0,neutral
way for,false,0,0,0,neutral
for the,false,0,0,0,neutral
set to,false,0,0,0,neutral
joins other,false,0,0,1,neutral
other pop,false,0,0,1,neutral
pop culture,false,0,0,1,neutral
ended little,false,0,0,1,neutral
offer internet,false,0,0,0,neutral
keep interest,false,0,1,1,neutral
interest rates,false,0,1,1,neutral
ought to,false,0,0,0,neutral
to at,false,0,0,0,neutral
at least,false,0,0,0,neutral
holding u,false,0,1,0,neutral
u s,false,0,1,0,neutral
interest rates,false,0,1,0,neutral
keep rates,false,0,0,2,neutral
plans to,false,0,0,0,neutral
ended up,false,0,0,1,neutral
up in,false,0,0,1,neutral
in slow,false,0,0,1,neutral
gave its,false,0,0,1,neutral
its tentative,false,0,0,1,neutral
a holding,false,0,0,0,neutral
keep a,false,0,0,1,neutral
achieve break,false,0,0,1,neutral
break even,false,0,0,1,neutral
approved a,false,0,0,0,neutral
closed mixed,false,0,0,0,mixed
mixed against,false,0,0,0,mixed
against major,false,0,0,0,mixed
the breadth,false,0,0,0,positive
breadth of,false,0,0,0,positive
of the,false,0,0,0,positive
little slowing,false,0,0,1,positive
staged a,false,0,0,0,positive
a broad,false,0,0,0,positive
broad based,false,0,0,0,positive
headed into,true,0,0,0,positive
into the,true,0,0,0,positive
the second,true,0,0,0,positive
second half,true,0,0,0,positive
half of,true,0,0,0,positive
of the,true,0,0,0,positive
the year,true,0,0,0,positive
year on,true,0,0,0,positive
on a,true,0,0,0,positive
a much,true,0,0,0,positive
much stronger,true,0,0,0,positive
stronger note,true,0,0,0,positive
third record,false,0,0,0,positive
after overcoming,false,0,0,1,positive
overcoming jitters,false,0,0,1,positive
jitters from,false,0,0,1,positive
from unexpectedly,false,0,0,1,positive
unexpectedly strong,false,0,0,1,positive
strong u,false,0,0,1,positive
u s,false,0,0,1,positive
powered to,false,0,0,0,positive
to a,false,0,0,0,positive
a new,false,0,0,0,positive
orders up,false,0,0,0,positive
posted broad,false,0,0,0,positive
broad based,false,0,0,0,positive
led by,false,0,0,0,positive
by a,false,0,0,0,positive
a jump,false,0,0,0,positive
jump in,false,0,0,0,positive
much more,false,0,0,1,positive
more robust,false,0,0,1,positive
second big,false,0,0,0,positive
rebound from,false,0,0,1,positive
from the,false,0,0,1,positive
the year,false,0,0,1,positive
year s,false,0,0,1,positive
s low,false,0,0,1,positive
low to,false,0,0,1,positive
to its,false,0,0,1,positive
gains on,false,0,0,0,positive
on talk,false,0,0,0,positive
talk of,false,0,0,0,positive
of internet,false,0,0,0,positive
internet via,false,0,0,0,positive
via tv,false,0,0,0,positive
beating the,false,0,0,1,positive
the previous,false,0,0,1,positive
opens up,false,0,0,0,positive
up at,false,0,0,0,positive
at new,false,0,0,0,positive
new trading,false,0,0,0,positive
trading peak,false,0,0,0,positive
advanced to,false,0,0,0,positive
to a,false,0,0,0,positive
a new,false,0,0,0,positive
press ahead,false,0,0,0,positive
ahead with,false,0,0,0,positive
run to,false,0,0,1,positive
to the,false,0,0,1,positive
the safety,false,0,0,1,positive
safety of,false,0,0,1,positive
of companies,false,0,0,1,positive
companies with,false,0,0,1,positive
with proven,false,0,0,1,positive
came within,false,0,0,0,positive
within a,false,0,0,0,positive
a skip,false,0,0,0,positive
skip and,false,0,0,0,positive
and a,false,0,0,0,positive
a jump,false,0,0,0,positive
jump of,false,0,0,0,positive
of its,false,0,0,0,positive
its all,false,0,0,0,positive
slipped on,false,0,0,0,positive
on profit,false,0,0,0,positive
propped up,false,0,0,0,positive
up by,false,0,0,0,positive
by rising,false,0,0,0,positive
rising demand,false,0,0,0,positive
demand for,false,0,0,0,positive
setting record,false,0,0,0,positive
a rise,false,0,0,0,positive
rise of,false,0,0,0,positive
stronger than,false,0,0,0,positive
than expected,false,0,0,0,positive
expected u,false,0,0,0,positive
u s,false,0,0,0,positive
shows the,false,0,0,0,positive
the level,false,0,0,0,positive
level of,false,0,0,0,positive
close to,false,0,0,0,positive
to its,false,0,0,0,positive
its highest,false,0,0,0,positive
setting record,false,0,0,0,positive
all reaching,false,0,0,0,positive
reaching new,false,0,0,0,positive
ruled in,false,0,0,0,positive
improve the,false,0,1,0,positive
perfect lightening,false,0,1,0,positive
reach hamlet,false,0,0,1,positive
hamlet cup,false,0,0,1,positive
clocked a,false,0,1,0,positive
a best,false,0,1,0,positive
best time,false,0,1,0,positive
time of,false,0,1,0,positive
of one,false,0,1,0,positive
one minute,false,0,1,0,positive
advanced to,false,0,0,0,positive
to the,false,0,0,0,positive
good match,false,0,2,0,positive
match for,false,0,2,0,positive
for me,false,0,2,0,positive
me and,false,0,2,0,positive
and a,false,0,2,0,positive
a good,false,0,2,0,positive
scoring the,false,0,0,0,positive
the biggest,false,0,0,0,positive
giving them,false,0,0,0,positive
them a,false,0,0,0,positive
could go,false,0,0,0,positive
thrust essex,false,0,0,1,positive
essex on,false,0,0,1,positive
on course,false,0,0,1,positive
course for,false,0,0,1,positive
went past,false,0,1,1,positive
past his,false,0,1,1,positive
his previous,false,0,1,1,positive
previous test,false,0,1,1,positive
keeps pakistan,false,0,0,0,positive
pakistan on,false,0,0,0,positive
looks well,false,0,1,0,positive
win gave,false,0,0,1,positive
gave the,false,0,0,1,positive
the all,false,0,0,1,positive
all blacks,false,0,0,1,positive
blacks an,false,0,0,1,positive
knocking three,true,0,0,0,positive
three days,true,0,0,0,positive
greatest accomplishment,false,0,1,0,positive
accomplishment in,false,0,1,0,positive
great personal,false,0,1,0,positive
opens at,false,0,0,0,positive
at top,false,0,0,0,positive
top of,false,0,0,0,positive
of box,false,0,0,0,positive
overcame some,false,0,0,1,positive
some of,false,0,0,1,positive
of the,false,0,0,1,positive
the worst,false,0,0,1,positive
worst reviews,false,0,0,1,positive
reviews of,false,0,0,1,positive
of the,false,0,0,1,positive
open at,false,0,0,1,positive
at the,false,0,0,1,positive
the top,false,0,0,1,positive
top of,false,0,0,1,positive
of the,false,0,0,1,positive
the u,false,0,0,1,positive
u s,false,0,0,1,positive
opportunity to,false,0,0,1,positive
to respond,false,0,0,1,positive
hopeful that,false,0,1,0,positive
that there,false,0,1,0,positive
there would,false,0,1,0,positive
would be,false,0,1,0,positive
be a,false,0,1,0,positive
a speedy,false,0,1,0,positive
speedy resolution,false,0,1,0,positive
resolution to,false,0,1,0,positive
to any,false,0,1,0,positive
will come,false,0,0,0,positive
come as,false,0,0,0,positive
as a,false,0,0,0,positive
percent in,false,0,0,0,positive
forecast stability,false,0,0,0,positive
stability or,false,0,0,0,positive
closed slightly,false,0,0,0,positive
right to,false,0,0,0,positive
to this,false,0,0,0,positive
slightly better,false,0,1,0,positive
better than,false,0,1,0,positive
than an,false,0,1,0,positive
an estimate,false,0,1,0,positive
estimate in,false,0,1,0,positive
there will,false,0,1,0,positive
will be,false,0,1,0,positive
be concrete,false,0,1,0,positive
clawing back,false,0,0,0,positive
back most,false,0,0,0,positive
most of,false,0,0,0,positive
of the,false,0,0,0,positive
the day,false,0,0,0,positive
day s,false,0,0,0,positive
followed a,false,0,0,1,positive
a string,false,0,0,1,positive
string of,false,0,0,1,positive
of records,false,0,0,1,positive
records last,false,0,0,1,positive
culminating in,false,0,0,0,positive
in friday,false,0,0,0,positive
friday s,false,0,0,0,positive
s trading,false,0,0,0,positive
trading high,false,0,0,0,positive
showing the,false,0,1,0,positive
the necessary,false,0,1,0,positive
necessary political,false,0,1,0,positive
political will,false,0,1,0,positive
will to,false,0,1,0,positive
having already,false,0,0,0,positive
already made,false,0,0,0,positive
made considerable,false,0,0,0,positive
considerable progress,false,0,0,0,positive
progress on,false,0,0,0,positive
on paring,false,0,0,0,positive
clear determination,false,0,1,0,positive
determination on,false,0,1,0,positive
on behalf,false,0,1,0,positive
behalf of,false,0,1,0,positive
of governments,false,0,1,0,positive
governments to,false,0,1,0,positive
very strong,false,0,0,0,positive
better than,false,0,1,1,positive
than the,false,0,1,1,positive
the same,false,0,1,1,positive
same period,false,0,1,1,positive
period a,false,0,1,1,positive
a year,false,0,1,1,positive
year ago,false,0,1,1,positive
ago both,false,0,1,1,positive
both in,false,0,1,1,positive
in japan,false,0,1,1,positive
a gradual,false,0,0,1,positive
gradual recovery,false,0,0,1,positive
more than,false,0,0,1,positive
percent of,false,0,0,1,positive
of its,false,0,0,1,positive
its worldwide,false,0,0,1,positive
worldwide membership,false,0,0,1,positive
membership had,false,0,0,1,positive
had accepted,false,0,0,1,positive
up from,false,0,0,0,positive
from the,false,0,0,0,positive
percent acceptance,false,0,0,0,positive
well placed,false,0,1,0,positive
placed to,false,0,1,0,positive
to win,false,0,1,0,positive
win high,false,0,1,0,positive
need to,false,0,0,0,positive
pushed prices,false,0,0,0,positive
hit a,false,0,0,1,positive
a string,false,0,0,1,positive
string of,false,0,0,1,positive
wowed canada,false,0,0,0,positive
canada with,false,0,0,0,positive
with his,false,0,0,0,positive
his record,false,0,0,0,positive
record smashing,false,0,0,0,positive
setting a,false,0,0,0,positive
a new,false,0,0,0,positive
confirmed them,false,0,1,0,positive
them as,false,0,1,0,positive
as rightful,false,0,1,0,positive
great strategic,false,0,1,0,positive
gave a,false,0,0,0,positive
move underscores,true,0,0,1,positive
underscores apple,true,0,0,1,positive
apple s,true,0,0,1,positive
s commitment,true,0,0,1,positive
commitment to,true,0,0,1,positive
to developing,true,0,0,1,positive
developing internet,true,0,0,1,positive
internet technologies,true,0,0,1,positive
technologies and,true,0,0,1,positive
and extends,true,0,0,1,positive
extends the,true,0,0,1,positive
the relationship,true,0,0,1,positive
relationship between,true,0,0,1,positive
between the,true,0,0,1,positive
the two,true,0,0,1,positive
two companies,true,0,0,1,positive
companies at,true,0,0,1,positive
at a,true,0,0,1,positive
a time,true,0,0,1,positive
time when,true,0,0,1,positive
when they,true,0,0,1,positive
they are,true,0,0,1,positive
are both,true,0,0,1,positive
both facing,true,0,0,1,positive
provide a,false,0,0,1,positive
a hassle,false,0,0,1,positive
hassle free,false,0,0,1,positive
free experience,false,0,0,1,positive
experience and,false,0,0,1,positive
and comprehensive,false,0,0,1,positive
comprehensive customer,false,0,0,1,positive
highest futures,false,0,0,0,positive
four month,false,0,0,0,positive
post solid,false,0,1,0,positive
solid q,false,0,1,0,positive
justifying recent,false,0,0,0,positive
recent gains,false,0,0,0,positive
gains in,false,0,0,0,positive
in their,false,0,0,0,positive
their stock,false,0,0,0,positive
reported a,false,0,0,0,positive
will be,true,0,0,1,positive
be enough,true,0,0,1,positive
enough to,true,0,0,1,positive
to declare,true,0,0,1,positive
declare the,true,0,0,1,positive
the plan,true,0,0,1,positive
support grows,false,0,0,0,positive
grows for,false,0,0,0,positive
for lloyd,false,0,0,0,positive
lloyd s,false,0,0,0,positive
lift german,false,0,0,0,positive
german stocks,false,0,0,0,positive
stocks to,false,0,0,0,positive
to higher,false,0,0,0,positive
ended the,false,0,0,0,positive
the day,false,0,0,0,positive
day on,false,0,0,0,positive
on tuesday,false,0,0,0,positive
volumes higher,false,0,0,0,positive
higher than,false,0,0,0,positive
than monday,false,0,0,0,positive
monday s,false,0,0,0,positive
s year,false,0,0,0,positive
chemical shares,true,0,0,0,positive
shares drove,true,0,0,0,positive
drove afternoon,true,0,0,0,positive
afternoon ibis,true,0,0,0,positive
reported an,false,0,0,0,positive
an eight,false,0,0,0,positive
eight percent,false,0,0,0,positive
rose a,false,0,1,0,positive
a healthy,false,0,1,0,positive
forecast higher,false,0,0,0,positive
great growth,false,0,2,0,positive
growth potential,false,0,2,0,positive
potential and,false,0,2,0,positive
and will,false,0,2,0,positive
will obtain,false,0,2,0,positive
obtain a,false,0,2,0,positive
a better,false,0,2,0,positive
better market,false,0,2,0,positive
sees higher,false,0,0,0,positive
more than,false,0,0,0,positive
would be,false,0,0,0,positive
be clearly,false,0,0,0,positive
surge in,false,0,0,0,positive
increase in,false,0,0,0,positive
profitability improved,false,0,0,0,positive
improved in,false,0,0,0,positive
in all,false,0,0,0,positive
all areas,false,0,0,0,positive
areas of,false,0,0,0,positive
of the,false,0,0,0,positive
the group,false,0,0,0,positive
group s,false,0,0,0,positive
expects to,false,0,0,0,positive
to add,false,0,0,0,positive
new workers,false,0,0,0,positive
workers by,false,0,0,0,positive
by the,false,0,0,0,positive
the end,false,0,0,0,positive
end of,false,0,0,0,positive
in addition,false,0,0,0,positive
addition to,false,0,0,0,positive
to an,false,0,0,0,positive
an increase,false,0,0,0,positive
stands on,false,0,0,0,positive
on the,false,0,0,0,positive
seen promising,false,0,0,0,positive
two monthly,false,0,0,0,positive
monthly trade,false,0,0,0,positive
good figure,false,0,1,0,positive
figure for,false,0,1,0,positive
for the,false,0,1,0,positive
provide some,false,0,1,0,positive
some bullish,false,0,1,0,positive
concentrate on,false,0,0,0,positive
on and,false,0,0,0,positive
strong portfolio,false,0,0,0,positive
portfolio of,false,0,0,0,positive
trading close,false,0,0,0,positive
close around,false,0,0,0,positive
around their,false,0,0,0,positive
their highest,false,0,0,0,positive
highest for,false,0,0,0,positive
for a,false,0,0,0,positive
gone very,false,0,1,0,positive
very well,false,0,1,0,positive
appear to,false,0,1,0,positive
to be,false,0,1,0,positive
be very,false,0,1,0,positive
concentrate on,false,0,0,0,positive
on and,false,0,0,0,positive
create such,false,0,0,2,positive
such a,false,0,0,2,positive
a dominant,false,0,0,2,positive
dominant force,false,0,0,2,positive
force in,false,0,0,2,positive
in the,false,0,0,2,positive
rising to,false,0,0,0,positive
to a,false,0,0,0,positive
a new,false,0,0,0,positive
has led,false,0,0,0,positive
led the,false,0,0,0,positive
the rise,false,0,0,0,positive
rise in,false,0,0,0,positive
in media,false,0,0,0,positive
lead media,false,0,0,0,positive
media sector,false,0,0,0,positive
continued to,false,0,0,0,positive
pretty well,false,0,1,1,positive
provided a,false,0,1,0,positive
a good,false,0,1,0,positive
paying a,false,0,0,0,positive
a special,false,0,0,0,positive
expected to,false,0,1,0,positive
to see,false,0,1,0,positive
see a,false,0,1,0,positive
a very,false,0,1,0,positive
very good,false,0,1,0,positive
no repeat,true,0,0,0,positive
repeat of,true,0,0,0,positive
of the,true,0,0,0,positive
the ugly,true,0,0,0,positive
ends in,false,0,0,0,positive
in high,false,0,0,0,positive
approved rules,false,0,2,1,positive
rules designed,false,0,2,1,positive
designed to,false,0,2,1,positive
to give,false,0,2,1,positive
give stock,false,0,2,1,positive
stock market,false,0,2,1,positive
market investors,false,0,2,1,positive
investors a,false,0,2,1,positive
a better,false,0,2,1,positive
better chance,false,0,2,1,positive
chance at,false,0,2,1,positive
at getting,false,0,2,1,positive
getting the,false,0,2,1,positive
the best,false,0,2,1,positive
best price,false,0,2,1,positive
price available,false,0,2,1,positive
available for,false,0,2,1,positive
recognised as,false,0,0,0,positive
closed floor,false,0,0,1,positive
floor trading,false,0,0,1,positive
pushes london,false,0,0,0,positive
london stocks,false,0,0,0,positive
stocks to,false,0,0,0,positive
to new,false,0,0,0,positive
helped push,false,0,0,1,positive
push leading,false,0,0,1,positive
leading london,false,0,0,1,positive
london shares,false,0,0,1,positive
shares to,false,0,0,1,positive
to a,false,0,0,1,positive
a new,false,0,0,1,positive
new record,false,0,0,1,positive
citing rising,false,0,0,0,positive
rising near,false,0,0,0,positive
near term,false,0,0,0,positive
his rising,false,0,0,0,positive
helping to,false,0,0,1,positive
sending the,false,0,0,0,positive
the dollar,false,0,0,0,positive
dollar soaring,false,0,0,0,positive
soaring above,false,0,0,0,positive
forecast a,false,0,0,0,positive
epidemic is,false,0,0,0,positive
is in,false,0,0,0,positive
in rapid,false,0,0,0,positive
have made,false,0,0,0,positive
made their,false,0,0,0,positive
their views,false,0,0,0,positive
caught financial,false,0,1,0,positive
financial markets,false,0,1,0,positive
markets on,false,0,1,0,positive
on the,false,0,1,0,positive
will likely,false,0,0,0,positive
likely be,false,0,0,0,positive
be lured,false,0,0,0,positive
now we,true,0,0,0,positive
we re,true,0,0,0,positive
re at,true,0,0,0,positive
at the,true,0,0,0,positive
the point,true,0,0,0,positive
point where,true,0,0,0,positive
where the,true,0,0,0,positive
the fundamentals,true,0,0,0,positive
fundamentals are,true,0,0,0,positive
back on,false,0,0,0,positive
on the,false,0,0,0,positive
the recovery,false,0,0,0,positive
buzz of,false,0,0,0,positive
closing at,false,0,0,0,positive
at record,false,0,0,0,positive
it s,false,0,0,1,positive
s always,false,0,0,1,positive
always been,false,0,0,1,positive
been getting,false,0,0,1,positive
getting ahead,false,0,0,1,positive
ahead of,false,0,0,1,positive
of itself,false,0,0,1,positive
itself in,false,0,0,1,positive
in terms,false,0,0,1,positive
brings mexican,false,0,0,0,positive
mexican markets,false,0,0,0,positive
markets to,false,0,0,0,positive
play a,false,0,0,0,positive
a major,false,0,0,0,positive
expected to,false,0,0,0,positive
to save,false,0,0,0,positive
steps to,false,0,0,0,positive
feel like,false,0,0,1,positive
like a,false,0,0,1,positive
a movie,false,0,0,1,positive
a limited,false,0,0,1,positive
limited edition,false,0,0,1,positive
edition t,false,0,0,1,positive
t shirt,false,0,0,1,positive
shirt and,false,0,0,1,positive
and discounts,false,0,0,1,positive
discounts on,false,0,0,1,positive
on food,false,0,0,1,positive
food and,false,0,0,1,positive
branded credit,false,0,0,0,positive
credit cards,false,0,0,0,positive
cards that,false,0,0,0,positive
that make,false,0,0,0,positive
make going,false,0,0,0,positive
going into,false,0,0,0,positive
into debt,false,0,0,0,positive
debt more,false,0,0,0,positive
more fun,false,0,0,0,positive
preferential seating,false,0,0,1,positive
seating in,false,0,0,1,positive
in the,false,0,0,1,positive
pulled coffee,false,0,0,0,positive
coffee prices,false,0,0,0,positive
held interest,false,0,1,0,positive
interest rates,false,0,1,0,positive
within a,false,0,0,0,positive
a stone,false,0,0,0,positive
stone s,false,0,0,0,positive
s throw,false,0,0,0,positive
throw of,false,0,0,0,positive
of its,false,0,0,0,positive
its record,false,0,0,0,positive
record closing,false,0,0,0,positive
keeps interest,false,0,1,0,positive
interest rates,false,0,1,0,positive
profitable and,false,0,1,0,positive
and making,false,0,1,0,positive
making money,false,0,1,0,positive
money in,false,0,1,0,positive
in the,false,0,1,0,positive
the internet,false,0,1,0,positive
offer the,false,0,0,1,positive
the service,false,0,0,1,positive
service for,false,0,0,1,positive
will rise,false,0,0,0,positive
rise a,false,0,0,0,positive
a projected,false,0,0,0,positive
percent to,false,0,0,0,positive
to an,false,0,0,0,positive
an average,false,0,0,0,positive
average of,false,0,0,0,positive
recover hundreds,false,0,0,1,positive
hundreds of,false,0,0,1,positive
of millions,false,0,0,1,positive
millions of,false,0,0,1,positive
will be,false,0,1,0,positive
be welcome,false,0,1,0,positive
cent an,false,0,0,2,positive
an hour,false,0,0,2,positive
hour increase,false,0,0,2,positive
increase will,false,0,0,2,positive
will have,false,0,0,2,positive
have little,false,0,0,2,positive
little short,false,0,0,2,positive
short term,false,0,0,2,positive
held interest,false,0,1,0,positive
interest rates,false,0,1,0,positive
held interest,false,0,1,0,positive
interest rates,false,0,1,0,positive
stock prices,true,0,0,0,positive
prices rose,true,0,0,0,positive
rose after,true,0,0,0,positive
after the,true,0,0,0,positive
the fed,true,0,0,0,positive
closed mostly,false,0,0,0,positive
cleared a,false,0,0,0,positive
campaigned among,false,0,0,0,positive
among u,false,0,0,0,positive
u s,false,0,0,0,positive
lent his,false,0,0,0,positive
his prestige,false,0,0,0,positive
prestige and,false,0,0,0,positive
gave millions,false,0,0,0,positive
millions of,false,0,0,0,positive
of americans,false,0,0,0,positive
americans a,false,0,0,0,positive
got a,false,0,0,0,positive
ability to,false,0,0,1,positive
cooling off,false,0,0,0,positive
off without,false,0,0,0,positive
without inflation,false,0,0,0,positive
inflation heating,false,0,0,0,positive
the united,false,0,1,1,positive
united states,false,0,1,1,positive
states may,false,0,1,1,positive
may seek,false,0,1,1,positive
seek an,false,0,1,1,positive
an informal,false,0,1,1,positive
informal alliance,false,0,1,1,positive
alliance with,false,0,1,1,positive
with japan,false,0,1,1,positive
japan and,false,0,1,1,positive
and the,false,0,1,1,positive
the european,false,0,1,1,positive
european union,false,0,1,1,positive
union to,false,0,1,1,positive
to win,false,0,1,1,positive
win world,false,0,1,1,positive
world trade,false,0,1,1,positive
trade rules,false,0,1,1,positive
rules to,false,0,1,1,positive
to assure,false,0,1,1,positive
assure fair,false,0,1,1,positive
fair play,false,0,1,1,positive
play by,false,0,1,1,positive
lent his,false,0,0,0,positive
his prestige,false,0,0,0,positive
prestige and,false,0,0,0,positive
helped lead,false,0,0,0,positive
lead u,false,0,0,0,positive
u s,false,0,0,0,positive
troops to,false,0,0,0,positive
to victory,false,0,0,0,positive
victory in,false,0,0,0,positive
in operation,false,0,0,0,positive
operation desert,false,0,0,0,positive
desert storm,false,0,0,0,positive
storm in,false,0,0,0,positive
chalked up,false,0,0,0,positive
up a,false,0,0,0,positive
couldn t,false,0,1,0,positive
t have,false,0,1,0,positive
have forecast,false,0,1,0,positive
forecast a,false,0,1,0,positive
a better,false,0,1,0,positive
better background,false,0,1,0,positive
background for,false,0,1,0,positive
for the,false,0,1,0,positive
the equity,false,0,1,0,positive
closes at,false,0,0,0,positive
a lot,false,0,0,0,positive
lot going,false,0,0,0,positive
going for,false,0,0,0,positive
surpassing the,false,0,0,1,positive
the previous,false,0,0,1,positive
expected to,false,0,0,0,positive
expected the,false,0,0,0,positive
the retail,false,0,0,0,positive
retail revenues,false,0,0,0,positive
revenues to,false,0,0,0,positive
developing in,false,0,0,0,positive
in line,false,0,0,0,positive
line with,false,0,0,0,positive
closed slightly,false,0,1,0,positive
slightly better,false,0,1,0,positive
better at,false,0,1,0,positive
shifting of,false,0,0,0,positive
hits two,false,0,0,0,positive
two month,false,0,0,0,positive
were at,false,0,0,0,positive
at their,false,0,0,0,positive
their highest,false,0,0,0,positive
make a,false,0,0,0,positive
a go,false,0,0,0,positive
go of,false,0,0,0,positive
of breaking,false,0,0,0,positive
breaking through,false,0,0,0,positive
through its,false,0,0,0,positive
its recent,false,0,0,0,positive
recent price,false,0,0,0,positive
price ceiling,false,0,0,0,positive
ceiling at,false,0,0,0,positive
at just,false,0,0,0,positive
just under,false,0,0,0,positive
expanded to,false,0,0,0,positive
not pointing,true,0,0,0,positive
pointing toward,true,0,0,0,positive
was likely,false,0,0,0,positive
likely to,false,0,0,0,positive
to be,false,0,0,0,positive
anticipating a,false,0,1,0,positive
a continuation,false,0,1,0,positive
continuation of,false,0,1,0,positive
of the,false,0,1,0,positive
the positive,false,0,1,0,positive
positive business,false,0,1,0,positive
helped it,false,0,0,1,positive
it outperform,false,0,0,1,positive
outperform the,false,0,0,1,positive
the rest,false,0,0,1,positive
rest of,false,0,0,1,positive
of the,false,0,0,1,positive
happy to,false,0,1,0,positive
to see,false,0,1,0,positive
see it,false,0,1,0,positive
lauded as,false,0,0,0,positive
as australian,false,0,0,0,positive
australian of,false,0,0,0,positive
of the,false,0,0,0,positive
winning the,false,0,1,0,positive
the prestigious,false,0,1,0,positive
prestigious america,false,0,1,0,positive
america s,false,0,1,0,positive
s cup,false,0,1,0,positive
cup yacht,false,0,1,0,positive
towards the,false,0,0,0,positive
the top,false,0,0,0,positive
top end,false,0,0,0,positive
end of,false,0,0,0,positive
of analysts,false,0,0,0,positive
closes at,false,0,0,0,positive
closes at,false,0,0,0,positive
turned the,false,0,0,0,positive
possible turning,false,0,1,0,positive
expected to,false,0,0,0,positive
realisation of,false,0,0,0,positive
of the,false,0,0,0,positive
provide new,false,0,0,0,positive
supply interactive,false,0,0,0,positive
very big,false,0,0,0,positive
reaching a,false,0,0,0,positive
rallied to,false,0,0,0,positive
to close,false,0,0,0,positive
this is,false,0,0,0,positive
is what,false,0,0,0,positive
what the,false,0,0,0,positive
the imf,false,0,0,0,positive
real net,false,0,0,1,positive
net profit,false,0,0,1,positive
returning to,true,0,0,1,positive
made two,false,0,0,0,positive
two significant,false,0,0,0,positive
significant expansionary,false,0,0,0,positive
closed slightly,false,0,0,0,positive
ended just,false,0,0,0,positive
raised on,false,0,0,0,positive
on tuesday,false,0,0,0,positive
tuesday his,false,0,0,0,positive
raised its,false,0,0,0,positive
its takeover,false,0,0,0,positive
slightly above,false,0,0,0,positive
above market,false,0,0,0,positive
confounding most,false,0,0,0,positive
doubles as,false,0,0,0,positive
as premier,false,0,0,0,positive
premier or,false,0,0,0,positive
or cabinet,false,0,0,0,positive
understanding the,false,0,0,0,positive
the magnitude,false,0,0,0,positive
magnitude of,false,0,0,0,positive
of the,false,0,0,0,positive
a positive,false,0,1,0,positive
plan now,true,0,0,1,positive
now to,true,0,0,1,positive
savor the,false,0,0,0,positive
the sweetness,false,0,0,0,positive
sweetness of,false,0,0,0,positive
good trade,false,0,1,0,positive
predicted improved,false,0,0,0,positive
mixed economic,true,0,0,1,positive
touch of,false,0,0,0,positive
of political,false,0,0,0,positive
exceptional profit,false,0,0,0,positive
significant turnaround,false,0,0,0,positive
turnaround in,false,0,0,0,positive
exceeded analysts,false,0,0,0,positive
fuelled by,false,0,0,1,positive
by expense,false,0,0,1,positive
expense cuts,false,0,0,1,positive
fatter price,false,0,0,1,positive
price mark,false,0,0,1,positive
mark ups,false,0,0,1,positive
ups and,false,0,0,1,positive
cost cuts,false,0,0,0,positive
cuts and,false,0,0,0,positive
removed a,false,0,1,0,positive
a possible,false,0,1,0,positive
their ability,false,0,0,2,positive
ability to,false,0,0,2,positive
to keep,false,0,0,2,positive
keep their,false,0,0,2,positive
their families,false,0,0,2,positive
families together,false,0,0,2,positive
together and,false,0,0,2,positive
and their,false,0,0,2,positive
their failure,false,0,0,2,positive
failure to,false,0,0,2,positive
got a,false,0,0,0,positive
the green,false,0,0,2,positive
green light,false,0,0,2,positive
light to,false,0,0,2,positive
to start,false,0,0,2,positive
start flying,false,0,0,2,positive
flying two,false,0,0,2,positive
two more,false,0,0,2,positive
an emerging,false,0,0,0,positive
above average,false,0,0,1,positive
neither false,true,0,0,0,positive
false nor,true,0,0,0,positive
some more,false,0,0,0,positive
jumped more,false,0,0,0,positive
more than,false,0,0,0,positive
close a,false,0,0,0,positive
a touch,false,0,0,0,positive
managed a,false,0,0,1,positive
a slight,false,0,0,1,positive
rebounded from,false,0,0,0,positive
from monday,false,0,0,0,positive
monday s,false,0,0,0,positive
inflationary pressures,false,0,0,1,positive
pressures were,false,0,0,1,positive
capital increase,false,0,0,0,positive
increase is,false,0,0,0,positive
is intended,false,0,0,0,positive
intended to,false,0,0,0,positive
strong overseas,false,0,0,0,positive
tone to,false,0,1,0,positive
to continue,false,0,1,0,positive
closed near,false,0,0,0,positive
near the,false,0,0,0,positive
the day,false,0,0,0,positive
day s,false,0,0,0,positive
expectations of,false,0,1,1,positive
of positive,false,0,1,1,positive
positive corporate,false,0,1,1,positive
push to,false,0,0,0,positive
to its,false,0,0,0,positive
its all,false,0,0,0,positive
all time,false,0,0,0,positive
some profit,false,0,0,0,positive
just off,false,0,0,0,positive
off the,false,0,0,0,positive
the day,false,0,0,0,positive
day s,false,0,0,0,positive
may be,false,0,0,0,positive
closed with,false,0,0,0,positive
getting a,false,0,1,0,positive
a positive,false,0,1,0,positive
rebounded and,true,0,0,0,positive
and buoyed,true,0,0,0,positive
buoyed by,true,0,0,0,positive
by overseas,true,0,0,0,positive
overseas economic,true,0,0,0,positive
much more,false,0,1,0,positive
better than,false,0,1,0,positive
than expected,false,0,1,0,positive
expected first,false,0,1,0,positive
first half,false,0,1,0,positive
surging as,false,0,0,1,positive
helping to,false,0,0,1,positive
helped spain,false,0,0,1,positive
better than,false,0,1,0,positive
seized in,false,0,1,0,positive
in the,false,0,1,0,positive
the united,false,0,1,0,positive
united states,false,0,1,0,positive
states in,false,0,1,0,positive
in the,false,0,1,0,positive
the first,false,0,1,0,positive
first six,false,0,1,0,positive
six months,false,0,1,0,positive
months of,false,0,1,0,positive
close at,false,0,0,0,positive
at record,false,0,0,0,positive
record despite,false,0,0,0,positive
closed at,false,0,0,0,positive
at a,false,0,0,0,positive
a record,false,0,0,0,positive
became hot,false,0,0,0,positive
continue to,false,0,0,0,positive
profit taking,false,0,0,0,positive
taking in,false,0,0,0,positive
has been,false,0,0,0,positive
economic force,true,0,1,0,positive
force for,true,0,1,0,positive
for the,true,0,1,0,positive
would give,false,0,0,1,positive
give marketing,false,0,0,1,positive
marketing new,false,0,0,1,positive
new respectability,false,0,0,1,positive
respectability and,false,0,0,1,positive
shot into,false,0,0,0,positive
into the,false,0,0,0,positive
the front,false,0,0,0,positive
front ranks,false,0,0,0,positive
ranks of,false,0,0,0,positive
of space,false,0,0,0,positive
poised to,false,0,0,0,positive
to land,false,0,0,0,positive
land a,false,0,0,0,positive
passed off,false,0,1,0,positive
off peacefully,false,0,1,0,positive
peacefully and,false,0,1,0,positive
and in,false,0,1,0,positive
in an,false,0,1,0,positive
an impressive,false,0,1,0,positive
potential to,false,0,0,1,positive
to try,false,0,0,1,positive
try to,false,0,0,1,positive
to clear,false,0,0,1,positive
clear tough,false,0,0,1,positive
tough price,false,0,0,1,positive
far exceeding,false,0,0,0,positive
exceeding expectations,false,0,0,0,positive
expectations and,false,0,0,0,positive
and indicating,false,0,0,0,positive
indicating a,false,0,0,0,positive
a level,false,0,0,0,positive
level of,false,0,0,0,positive
of business,false,0,0,0,positive
business confidence,false,0,0,0,positive
confidence that,false,0,0,0,positive
that could,false,0,0,0,positive
could stall,false,0,0,0,positive
stall any,false,0,0,0,positive
any german,false,0,0,0,positive
award a,false,0,0,0,positive
a year,false,0,0,0,positive
year franchise,false,0,0,0,positive
in line,false,0,0,0,positive
line with,false,0,0,0,positive
expected to,false,0,0,0,positive
boosted by,false,0,1,0,positive
by renewed,false,0,1,0,positive
surprisingly sharp,false,0,0,0,positive
chalked up,true,0,0,0,positive
up another,true,0,0,0,positive
another record,true,0,0,0,positive
record closing,true,0,0,0,positive
surpassing tuesday,false,0,0,0,positive
tuesday s,false,0,0,0,positive
ended bourse,false,0,0,0,positive
bourse trade,false,0,0,0,positive
trade over,false,0,0,0,positive
over half,false,0,0,0,positive
half a,false,0,0,0,positive
a percentage,false,0,0,0,positive
percentage point,false,0,0,0,positive
sees more,false,0,0,0,positive
predicted a,false,0,0,1,positive
a slight,false,0,0,1,positive
unique vision,false,0,0,0,positive
vision of,false,0,0,0,positive
of the,false,0,0,0,positive
the digital,false,0,0,0,positive
very significant,false,0,0,0,positive
better second,false,0,1,0,positive
second quarter,false,0,1,0,positive
shook itself,false,0,0,0,positive
itself out,false,0,0,0,positive
out of,false,0,0,0,positive
of a,false,0,0,0,positive
improved perceptibly,false,0,0,0,positive
sees record,false,0,0,0,positive
more than,false,0,0,0,positive
helped by,false,0,0,0,positive
by a,false,0,0,0,positive
picking up,false,0,0,0,positive
decent acceleration,false,0,1,0,positive
acceleration in,false,0,1,0,positive
acquitted of,false,0,0,0,positive
found him,true,0,0,1,positive
him not,true,0,0,1,positive
could help,false,0,0,0,positive
rose to,false,0,0,0,positive-uncertain
to the,false,0,0,0,positive-uncertain
the highest,false,0,0,0,positive-uncertain
disappointing and,false,0,0,3,negative
and the,false,0,0,3,negative
the general,false,0,0,3,negative
general feeling,false,0,0,3,negative
feeling is,false,0,0,3,negative
is that,false,0,0,3,negative
that it,false,0,0,3,negative
it will,false,0,0,3,negative
will remain,false,0,0,3,negative
failed to,false,0,0,3,negative
to gain,false,0,0,3,negative
gain any,false,0,0,3,negative
any meaningful,false,0,0,3,negative
meaningful momentum,false,0,0,3,negative
momentum on,false,0,0,3,negative
on the,false,0,0,3,negative
the back,false,0,0,3,negative
back of,false,0,0,3,negative
of the,false,0,0,3,negative
the bundebank,false,0,0,3,negative
bundebank s,false,0,0,3,negative
s larger,false,0,0,3,negative
larger than,false,0,0,3,negative
than expected,false,0,0,3,negative
expected rate,false,0,0,3,negative
rate cut,false,0,0,3,negative
cut and,false,0,0,3,negative
and is,false,0,0,3,negative
is unlikely,false,0,0,3,negative
unlikely to,false,0,0,3,negative
to do,false,0,0,3,negative
do so,false,0,0,3,negative
so in,false,0,0,3,negative
short term,true,0,0,1,negative
term risks,true,0,0,1,negative
risks are,true,0,0,1,negative
are now,true,0,0,1,negative
now very,true,0,0,1,negative
very much,true,0,0,1,negative
much skewed,true,0,0,1,negative
skewed to,true,0,0,1,negative
to the,true,0,0,1,negative
pressed on,false,0,0,0,negative
on with,false,0,0,0,negative
with a,false,0,0,0,negative
caused serious,false,0,0,0,negative
ran out,false,0,0,0,negative
out of,false,0,0,0,negative
indicted for,false,0,0,1,negative
for huge,false,0,0,1,negative
huge pyramid,false,0,0,1,negative
pyramid scheme,false,0,0,1,negative
burnt by,false,0,0,1,negative
by the,false,0,0,1,negative
the recent,false,0,0,1,negative
recent rout,false,0,0,1,negative
rout of,false,0,0,1,negative
of small,false,0,0,1,negative
may go,false,0,0,0,negative
go down,false,0,0,0,negative
down on,false,0,0,0,negative
summer lethargy,false,0,0,1,negative
lethargy should,false,0,0,1,negative
should prevent,false,0,0,1,negative
prevent them,false,0,0,1,negative
them breaking,false,0,0,1,negative
breaking higher,false,0,0,1,negative
higher in,false,0,0,1,negative
in the,false,0,0,1,negative
the near,false,0,0,1,negative
could not,true,0,0,0,negative
not find,true,0,0,0,negative
cut a,false,0,0,0,negative
a growing,false,0,0,0,negative
have almost,false,0,0,0,negative
almost made,false,0,0,0,negative
made nigeria,false,0,0,0,negative
nigeria the,false,0,0,0,negative
the laughing,false,0,0,0,negative
cheating it,false,0,1,0,negative
it out,false,0,1,0,negative
out of,false,0,1,0,negative
of its,false,0,1,0,negative
its rightful,false,0,1,0,negative
rightful share,false,0,1,0,negative
share of,false,0,1,0,negative
are not,true,0,1,0,negative
not getting,true,0,1,0,negative
getting their,true,0,1,0,negative
their fair,true,0,1,0,negative
failed to,false,0,0,0,negative
an uncertain,false,0,0,1,negative
see dull,false,0,0,0,negative
ended a,false,0,0,0,negative
a dull,false,0,0,0,negative
joined the,false,0,0,0,negative
contending that,false,0,0,0,negative
that the,false,0,0,0,negative
the tobacco,false,0,0,0,negative
tobacco industry,false,0,0,0,negative
industry peddled,false,0,0,0,negative
peddled an,false,0,0,0,negative
an addictive,false,0,0,0,negative
addictive product,false,0,0,0,negative
product that,false,0,0,0,negative
that caused,false,0,0,0,negative
caused rogers,false,0,0,0,negative
wins little,false,0,0,1,negative
received a,false,0,0,0,negative
a frosty,false,0,0,0,negative
reluctant to,false,0,1,1,negative
miscellaneous charges,false,0,0,0,negative
charges have,false,0,0,0,negative
have led,false,0,0,0,negative
led to,false,0,0,0,negative
well below,false,0,1,0,negative
below an,false,0,1,0,negative
new flare,false,0,0,0,negative
flare up,false,0,0,0,negative
up in,false,0,0,0,negative
in the,false,0,0,0,negative
the taiwan,false,0,0,0,negative
pressure was,false,0,0,0,negative
suffered estimated,false,0,0,0,negative
million ringgit,false,0,0,0,negative
ringgit in,false,0,0,0,negative
in losses,false,0,0,0,negative
losses from,false,0,0,0,negative
from the,false,0,0,0,negative
allowed corruption,true,0,0,1,negative
corruption into,true,0,0,1,negative
into the,true,0,0,1,negative
the market,true,0,0,1,negative
market and,true,0,0,1,negative
and caused,true,0,0,1,negative
caused a,true,0,0,1,negative
a never,true,0,0,1,negative
never ending,true,0,0,1,negative
ending series,true,0,0,1,negative
would not,true,0,1,0,negative
percent net,false,0,0,0,negative
has been,false,0,0,0,negative
refused to,false,0,0,1,negative
to give,false,0,0,1,negative
did not,true,0,0,2,negative
not give,true,0,0,2,negative
give the,true,0,0,2,negative
the green,true,0,0,2,negative
fears of,false,0,0,0,negative
of gathering,false,0,0,0,negative
gathering more,false,0,0,0,negative
more than,false,0,0,0,negative
had never,true,0,0,1,negative
refused to,false,0,0,0,negative
row over,false,0,0,0,negative
over the,false,0,0,0,negative
the funds,false,0,0,0,negative
gets late,false,0,0,1,negative
late wakeup,false,0,0,1,negative
wakeup call,false,0,0,1,negative
call to,false,0,0,1,negative
to move,false,0,0,1,negative
move into,false,0,0,1,negative
missed her,false,0,0,0,negative
her wake,false,0,0,0,negative
wake up,false,0,0,0,negative
ended a,false,0,0,0,negative
a bad,false,0,0,0,negative
bad week,false,0,0,0,negative
week by,false,0,0,0,negative
by crashing,false,0,0,0,negative
will not,true,0,0,0,negative
not allow,true,0,0,0,negative
allow his,true,0,0,0,negative
his williams,true,0,0,0,negative
williams team,true,0,0,0,negative
team mate,true,0,0,0,negative
mate damon,true,0,0,0,negative
damon hill,true,0,0,0,negative
hill an,true,0,0,0,negative
an easy,true,0,0,0,negative
easy run,true,0,0,0,negative
run in,true,0,0,0,negative
in to,true,0,0,0,negative
to the,true,0,0,0,negative
the world,true,0,0,0,negative
world drivers,true,0,0,0,negative
struggle to,false,0,0,0,negative
up the,false,0,0,0,negative
the creek,false,0,0,0,negative
creek without,false,0,0,0,negative
without a,false,0,0,0,negative
submerged any,false,0,0,2,negative
any faint,false,0,0,2,negative
faint chance,false,0,0,2,negative
chance england,false,0,0,2,negative
england had,false,0,0,2,negative
had of,false,0,0,2,negative
of fighting,false,0,0,2,negative
fighting their,false,0,0,2,negative
their way,false,0,0,2,negative
way back,false,0,0,2,negative
back into,false,0,0,2,negative
into an,false,0,0,2,negative
an improbable,false,0,0,2,negative
omens looked,false,0,0,0,negative
looked distinctly,false,0,0,0,negative
fell short,false,0,0,1,negative
short of,false,0,0,1,negative
of becoming,false,0,0,1,negative
becoming the,false,0,0,1,negative
the sixth,false,0,0,1,negative
sixth pakistan,false,0,0,1,negative
tightened the,false,0,0,0,negative
suffered a,false,0,0,0,negative
a fourth,false,0,0,0,negative
fourth successive,false,0,0,0,negative
dipped just,false,0,0,0,negative
against the,false,0,0,0,negative
embroiled in,false,0,0,1,negative
in a,false,0,0,1,negative
a critical,false,0,0,1,negative
critical legal,false,0,0,1,negative
extracted an,false,0,0,0,negative
faces regulatory,false,0,0,0,negative
reeling from,false,0,0,0,negative
from a,false,0,0,0,negative
a series,false,0,0,0,negative
series of,false,0,0,0,negative
of messy,false,0,0,0,negative
messy scandals,false,0,0,0,negative
scandals and,false,0,0,0,negative
individual instances,false,0,0,0,negative
instances of,false,0,0,0,negative
of horrendous,false,0,0,0,negative
urged news,false,0,0,0,negative
news media,false,0,0,0,negative
media on,false,0,0,0,negative
on sunday,false,0,0,0,negative
sunday against,false,0,0,0,negative
against trampling,false,0,0,0,negative
trampling local,false,0,0,0,negative
local feelings,false,0,0,0,negative
feelings underfoot,false,0,0,0,negative
underfoot when,false,0,0,0,negative
when covering,false,0,0,0,negative
covering such,false,0,0,0,negative
acquired a,false,0,0,0,negative
a reputation,false,0,0,0,negative
reputation for,false,0,0,0,negative
they re,false,0,0,1,negative
re mad,false,0,0,1,negative
mad as,false,0,0,1,negative
had slipped,false,0,0,0,negative
slipped by,false,0,0,0,negative
by nearly,false,0,0,0,negative
nearly a,false,0,0,0,negative
ends sharply,false,0,1,1,negative
sharply down,false,0,1,1,negative
down on,false,0,1,1,negative
on new,false,0,1,1,negative
ended european,false,0,1,1,negative
european trading,false,0,1,1,negative
trading sharply,false,0,1,1,negative
starting to,false,0,0,1,negative
to lose,false,0,0,1,negative
added to,true,0,0,0,negative
to the,true,0,0,0,negative
the country,true,0,0,0,negative
country s,true,0,0,0,negative
s economic,true,0,0,0,negative
diving to,false,0,0,1,negative
to a,false,0,0,1,negative
a month,false,0,0,1,negative
could start,false,0,0,1,negative
start a,false,0,0,1,negative
a spiralling,false,0,0,1,negative
spiralling war,false,0,0,1,negative
war of,false,0,0,1,negative
blamed a,false,0,0,0,negative
hit by,false,0,0,1,negative
by weaker,false,0,0,1,negative
weaker dollar,false,0,0,1,negative
lower wall,false,0,0,1,negative
refused to,false,0,0,0,negative
filed for,false,0,0,0,negative
for chapter,false,0,0,0,negative
warned on,false,0,0,0,negative
on tuesday,false,0,0,0,negative
tuesday of,false,0,0,0,negative
of tension,false,0,0,0,negative
tension and,false,0,0,0,negative
warned on,false,0,0,0,negative
on tuesday,false,0,0,0,negative
tuesday of,false,0,0,0,negative
of protests,false,0,0,0,negative
protests including,false,0,0,0,negative
including a,false,0,0,0,negative
a likely,false,0,0,0,negative
likely strike,false,0,0,0,negative
strike over,false,0,0,0,negative
started the,false,0,0,1,negative
the week,false,0,0,1,negative
european upmarket,false,0,0,0,negative
bloated prices,false,0,0,1,negative
prices and,false,0,0,1,negative
and workforces,false,0,0,1,negative
workforces and,false,0,0,1,negative
and complacent,false,0,0,1,negative
tend to,false,0,0,2,negative
to give,false,0,0,2,negative
give up,false,0,0,2,negative
up the,false,0,0,2,negative
the ghost,false,0,0,2,negative
ghost pretty,false,0,0,2,negative
failed to,false,0,0,0,negative
to act,false,0,0,0,negative
act with,false,0,0,0,negative
with due,false,0,0,0,negative
due skill,false,0,0,0,negative
care and,false,0,0,0,negative
started disciplinary,false,0,0,0,negative
disciplinary action,false,0,0,0,negative
stacking up,false,0,0,0,negative
billion of,false,0,0,0,negative
of unauthorised,false,0,0,0,negative
unauthorised trading,false,0,0,0,negative
trading losses,false,0,0,0,negative
losses which,false,0,0,0,negative
already hit,false,0,0,1,negative
hit by,false,0,0,1,negative
started the,false,0,0,1,negative
the week,false,0,0,1,negative
falling the,false,0,0,0,negative
yield creeping,false,0,0,0,negative
creeping back,false,0,0,0,negative
were unable,false,0,0,0,negative
unable to,false,0,0,0,negative
to hold,false,0,0,0,negative
hold friday,false,0,0,0,negative
friday s,false,0,0,0,negative
s record,false,0,0,0,negative
record closing,false,0,0,0,negative
started sharply,false,0,1,0,negative
sparked an,false,0,0,1,negative
an early,false,0,0,1,negative
armed with,false,0,0,1,negative
with grenades,false,0,0,1,negative
grenades and,false,0,0,1,negative
and possibly,false,0,0,1,negative
possibly other,false,0,0,1,negative
take issue,false,0,0,0,negative
issue with,false,0,0,0,negative
with world,false,0,0,0,negative
world fastest,false,0,0,0,negative
fastest man,false,0,0,0,negative
mounting a,false,0,0,1,negative
a campaign,false,0,0,1,negative
campaign to,false,0,0,1,negative
to strip,false,0,0,1,negative
strip u,false,0,0,1,negative
u s,false,0,0,1,negative
sprinter michael,false,0,0,1,negative
michael johnson,false,0,0,1,negative
johnson of,false,0,0,1,negative
of his,false,0,0,1,negative
his title,false,0,0,1,negative
title as,false,0,0,1,negative
as the,false,0,0,1,negative
the world,false,0,0,1,negative
world s,false,0,0,1,negative
involved in,false,0,0,0,negative
in a,false,0,0,0,negative
a lengthy,false,0,0,0,negative
accepted the,false,0,0,0,negative
selloff irregular,false,0,0,1,negative
lacked vision,false,0,0,0,negative
vision and,false,0,0,0,negative
and was,false,0,0,0,negative
failed to,false,0,1,0,negative
to consistently,false,0,1,0,negative
agreed to,false,0,0,2,negative
to plead,false,0,0,2,negative
admitted conspiring,false,0,0,2,negative
conspiring to,false,0,0,2,negative
to fix,false,0,0,2,negative
fix prices,false,0,0,2,negative
prices to,false,0,0,2,negative
to eliminate,false,0,0,2,negative
eliminate competition,false,0,0,2,negative
competition in,false,0,0,2,negative
in the,false,0,0,2,negative
the worldwide,false,0,0,2,negative
worldwide market,false,0,0,2,negative
market for,false,0,0,2,negative
for lysine,false,0,0,2,negative
an animal,false,0,0,2,negative
left in,false,0,0,1,negative
in may,false,0,0,1,negative
may due,false,0,0,1,negative
due to,false,0,0,1,negative
to irreconcilable,false,0,0,1,negative
just didn,false,0,0,0,negative
didn t,false,0,0,0,negative
t make,false,0,0,0,negative
focus on,false,0,0,0,negative
on falling,false,0,0,0,negative
giving back,false,0,0,0,negative
back some,false,0,0,0,negative
some of,false,0,0,0,negative
of its,false,0,0,0,negative
threatens to,false,0,0,1,negative
to throw,false,0,0,1,negative
throw the,false,0,0,1,negative
the recovery,false,0,0,1,negative
recovery plan,false,0,0,1,negative
plan off,false,0,0,1,negative
efforts to,false,0,0,1,negative
to sell,false,0,0,1,negative
sell the,false,0,0,1,negative
the ailing,false,0,0,1,negative
ailing company,false,0,0,1,negative
company fell,false,0,0,1,negative
set to,false,0,0,0,negative
could eventually,false,0,0,0,negative
eventually lead,false,0,0,0,negative
lead to,false,0,0,0,negative
to the,false,0,0,0,negative
reported a,false,0,0,1,negative
million real,false,0,0,1,negative
its operations,false,0,0,0,negative
higher than,false,0,0,0,negative
than expected,false,0,0,0,negative
closure which,false,0,0,0,negative
which he,false,0,0,0,negative
he said,false,0,0,0,negative
sees some,false,0,0,0,negative
some de,false,0,0,0,negative
easing of,false,0,0,0,negative
of tensions,false,0,0,0,negative
tensions over,false,0,0,0,negative
over disputed,false,0,0,0,negative
disputed subsidies,false,0,0,0,negative
subsidies by,false,0,0,0,negative
by the,false,0,0,0,negative
the state,false,0,0,0,negative
state of,false,0,0,0,negative
file a,false,0,0,0,negative
study appeal,false,0,0,0,negative
sentenced to,false,0,0,0,negative
to death,false,0,0,0,negative
death on,false,0,0,0,negative
on charges,false,0,0,0,negative
charges of,false,0,0,0,negative
of mutiny,false,0,0,0,negative
mutiny and,false,0,0,0,negative
studying ways,false,0,0,0,negative
ways to,false,0,0,0,negative
preparing to,false,0,0,0,negative
some foreign,false,0,0,2,negative
foreign investors,false,0,0,2,negative
investors have,false,0,0,2,negative
have been,false,0,0,2,negative
been put,false,0,0,2,negative
bid against,false,0,0,2,negative
against each,false,0,0,2,negative
each other,false,0,0,2,negative
other for,false,0,0,2,negative
for the,false,0,0,2,negative
the same,false,0,0,2,negative
sparks racist,false,0,0,1,negative
accused by,false,0,0,0,negative
by viewers,false,0,0,0,negative
viewers of,false,0,0,0,negative
of promoting,false,0,0,0,negative
drew complaints,false,0,0,0,negative
complaints from,false,0,0,0,negative
growing public,false,0,0,2,negative
public concern,false,0,0,2,negative
concern about,false,0,0,2,negative
about the,false,0,0,2,negative
the use,false,0,0,2,negative
use of,false,0,0,2,negative
of demonic,false,0,0,2,negative
demonic images,false,0,0,2,negative
images in,false,0,0,2,negative
were off,false,0,0,0,negative
off the,false,0,0,0,negative
the day,false,0,0,0,negative
day s,false,0,0,0,negative
pares the,false,0,0,0,negative
saw signs,false,0,0,0,negative
signs that,false,0,0,0,negative
that the,false,0,0,0,negative
the rally,false,0,0,0,negative
rally could,false,0,0,0,negative
could be,false,0,0,0,negative
be losing,false,0,0,0,negative
shortage of,false,0,0,0,negative
of quality,false,0,0,0,negative
quality coffee,false,0,0,0,negative
kept a,false,0,0,0,negative
held a,false,0,0,0,negative
a series,false,0,0,0,negative
series of,false,0,0,0,negative
of one,false,0,0,0,negative
one day,false,0,0,0,negative
day strikes,false,0,0,0,negative
strikes in,false,0,0,0,negative
in a,false,0,0,0,negative
a dispute,false,0,0,0,negative
have staged,false,0,0,1,negative
staged short,false,0,0,1,negative
had been,false,0,0,0,negative
reasonable risk,false,0,1,0,negative
risk of,false,0,1,0,negative
of that,false,0,1,0,negative
forced it,false,0,0,1,negative
it to,false,0,0,1,negative
to call,false,0,0,1,negative
vowed to,false,0,0,0,negative
back on,false,0,0,0,negative
on the,false,0,0,0,negative
ecological warfare,false,0,0,1,negative
warfare has,false,0,0,1,negative
has broken,false,0,0,1,negative
seen as,false,0,0,0,negative
as the,false,0,0,0,negative
the new,false,0,0,0,negative
new business,false,0,0,0,negative
were wounded,false,0,0,0,negative
wounded in,false,0,0,0,negative
would be,false,0,0,0,negative
be excluded,false,0,0,0,negative
excluded from,false,0,0,0,negative
from the,false,0,0,0,negative
hit by,false,0,0,1,negative
by a,false,0,0,1,negative
a weakening,false,0,0,1,negative
weakening franc,false,0,0,1,negative
franc and,false,0,0,1,negative
and fears,false,0,0,1,negative
fears of,false,0,0,1,negative
of industrial,false,0,0,1,negative
recent and,false,0,0,0,negative
and projected,false,0,0,0,negative
projected losses,false,0,0,0,negative
losses and,false,0,0,0,negative
and uncertainties,false,0,0,0,negative
uncertainties facing,false,0,0,0,negative
facing the,false,0,0,0,negative
the online,false,0,0,0,negative
reported a,false,0,0,0,negative
projected a,false,0,0,0,negative
have been,false,0,0,1,negative
falling to,false,0,0,0,negative
to minus,false,0,0,0,negative
would stay,false,0,0,1,negative
stay at,false,0,0,1,negative
at rock,false,0,0,1,negative
rock bottom,false,0,0,1,negative
grew unexpectedly,false,0,0,2,negative
falling to,false,0,0,0,negative
to minus,false,0,0,0,negative
potential worry,false,0,0,1,negative
worry in,false,0,0,1,negative
in looking,false,0,0,1,negative
looking at,false,0,0,1,negative
at the,false,0,0,1,negative
the number,false,0,0,1,negative
number of,false,0,0,1,negative
of infected,false,0,0,1,negative
infected animals,false,0,0,1,negative
animals that,false,0,0,1,negative
that entered,false,0,0,1,negative
entered the,false,0,0,1,negative
hard to,false,0,1,2,negative
to get,false,0,1,2,negative
get rid,false,0,1,2,negative
rid of,false,0,1,2,negative
of the,false,0,1,2,negative
the epidemic,false,0,1,2,negative
epidemic any,false,0,1,2,negative
any faster,false,0,1,2,negative
faster without,false,0,1,2,negative
without slaughtering,false,0,1,2,negative
slaughtering vast,false,0,1,2,negative
vast numbers,false,0,1,2,negative
showing a,false,0,0,0,negative
have threatened,false,0,0,2,negative
threatened to,false,0,0,2,negative
to bring,false,0,0,2,negative
bring it,false,0,0,2,negative
free falling,false,0,0,1,negative
stubbornly high,false,0,0,1,negative
high interest,false,0,0,1,negative
predicted a,false,0,0,0,negative
a second,false,0,0,0,negative
second quarter,false,0,0,0,negative
reported a,false,0,1,0,negative
a surprisingly,false,0,1,0,negative
surprisingly large,false,0,1,0,negative
million fiscal,false,0,1,0,negative
fiscal first,false,0,1,0,negative
first quarter,false,0,1,0,negative
blaming a,false,0,0,0,negative
enormous financial,true,0,1,0,negative
vigorously defend,false,0,1,1,negative
defend itself,false,0,1,1,negative
add to,false,0,0,0,negative
to suits,false,0,0,0,negative
what we,false,0,0,0,negative
we re,false,0,0,0,negative
re concerned,false,0,0,0,negative
concerned about,false,0,0,0,negative
about is,false,0,0,0,negative
is the,false,0,0,0,negative
the ripple,false,0,0,0,negative
ripple effect,false,0,0,0,negative
effect it,false,0,0,0,negative
it may,false,0,0,1,negative
may also,false,0,0,1,negative
also translate,false,0,0,1,negative
translate into,false,0,0,1,negative
into higher,false,0,0,1,negative
higher prices,false,0,0,1,negative
prices for,false,0,0,1,negative
for hamburgers,false,0,0,1,negative
pizzas and,false,0,0,1,negative
and other,false,0,0,1,negative
other fast,false,0,0,1,negative
the economy,true,0,0,0,negative
economy was,true,0,0,0,negative
was slowing,true,0,0,0,negative
slowing from,true,0,0,0,negative
from its,true,0,0,0,negative
its burst,true,0,0,0,negative
burst of,true,0,0,0,negative
of growth,true,0,0,0,negative
growth in,true,0,0,0,negative
in the,true,0,0,0,negative
the second,true,0,0,0,negative
second quarter,true,0,0,0,negative
quarter without,true,0,0,0,negative
without inflation,true,0,0,0,negative
underwent a,false,0,0,0,negative
a second,false,0,0,0,negative
second day,false,0,0,0,negative
day of,false,0,0,0,negative
of court,false,0,0,0,negative
applied for,false,0,0,1,negative
for an,false,0,0,1,negative
an injunction,false,0,0,1,negative
injunction to,false,0,0,1,negative
stop the,false,0,0,1,negative
died at,false,0,0,0,negative
at the,false,0,0,0,negative
the age,false,0,0,0,negative
filed lawsuits,false,0,0,0,negative
lawsuits tuesday,false,0,0,0,negative
u s,false,0,0,0,negative
priorities would,false,0,0,0,negative
would be,false,0,0,0,negative
be elimination,false,0,0,0,negative
elimination of,false,0,0,0,negative
of unfair,false,0,0,0,negative
unfair export,false,0,0,0,negative
export subsidies,false,0,0,0,negative
subsidies and,false,0,0,0,negative
and controls,false,0,0,0,negative
controls on,false,0,0,0,negative
on so,false,0,0,0,negative
undergoes u,false,0,0,0,negative
u s,false,0,0,0,negative
faced a,false,0,0,0,negative
a three,false,0,0,0,negative
three hour,false,0,0,0,negative
threatens at,false,0,0,2,negative
at the,false,0,0,2,negative
the last,false,0,0,2,negative
last minute,false,0,0,2,negative
minute to,false,0,0,2,negative
applied for,false,0,0,1,negative
for an,false,0,0,1,negative
an injunction,false,0,0,1,negative
injunction to,false,0,0,1,negative
fighting the,false,0,0,1,negative
the action,false,0,0,1,negative
action personally,false,0,0,1,negative
personally and,false,0,0,1,negative
and underwent,false,0,0,1,negative
underwent several,false,0,0,1,negative
several hours,false,0,0,1,negative
hours of,false,0,0,1,negative
of cross,false,0,0,1,negative
pulled out,false,0,0,0,negative
out of,false,0,0,0,negative
refused to,false,0,0,0,negative
sank to,false,0,0,1,negative
to its,false,0,0,1,negative
its lowest,false,0,0,1,negative
lowest level,false,0,0,1,negative
level of,false,0,0,1,negative
of the,false,0,0,1,negative
the year,false,0,0,1,negative
year a,false,0,0,1,negative
a month,false,0,0,1,negative
was swollen,false,0,0,0,negative
swollen by,false,0,0,0,negative
by one,false,0,0,0,negative
one off,false,0,0,0,negative
off gains,false,0,0,0,negative
gains from,false,0,0,0,negative
from selling,false,0,0,0,negative
selling off,false,0,0,0,negative
ended the,false,0,0,0,negative
the day,false,0,0,0,negative
took the,false,0,0,0,negative
the biggest,false,0,0,0,negative
sold for,false,0,0,0,negative
expanded by,false,0,0,0,negative
percent to,false,0,0,0,negative
fallen well,false,0,1,0,negative
still well,false,0,1,2,negative
well short,false,0,1,2,negative
short of,false,0,1,2,negative
of the,false,0,1,2,negative
level of,false,0,1,2,negative
hit a,false,0,0,2,negative
a further,false,0,0,2,negative
further stumbling,false,0,0,2,negative
threatens at,false,0,0,2,negative
at the,false,0,0,2,negative
the last,false,0,0,2,negative
last minute,false,0,0,2,negative
minute to,false,0,0,2,negative
failed to,false,0,0,1,negative
to give,false,0,0,1,negative
improperly used,false,0,0,0,negative
used his,false,0,0,0,negative
burnt an,false,0,0,0,negative
an australian,false,0,0,0,negative
staged rallies,false,0,0,0,negative
rallies in,false,0,0,0,negative
in brisbane,false,0,0,0,negative
brisbane and,false,0,0,0,negative
and adelaide,false,0,0,0,negative
ended in,false,0,0,0,negative
in a,false,0,0,0,negative
anti government,false,0,0,0,negative
not be,true,0,0,0,negative
complaints surge,false,0,0,0,negative
did not,true,0,0,0,negative
not pay,true,0,0,0,negative
did not,true,0,0,0,negative
hastened the,false,0,0,0,negative
the downward,false,0,0,0,negative
sparked violent,false,0,0,1,negative
backfire and,false,0,0,0,negative
expected to,false,0,0,1,negative
hugs the,false,0,0,1,negative
the slow,false,0,0,1,negative
does not,true,0,0,1,negative
not look,true,0,0,1,negative
look like,true,0,0,1,negative
like it,true,0,0,1,negative
it will,true,0,0,1,negative
will be,true,0,0,1,negative
be moving,true,0,0,1,negative
moving out,true,0,0,1,negative
out of,true,0,0,1,negative
of the,true,0,0,1,negative
worst campus,false,0,0,1,negative
blocking their,false,0,0,0,negative
shows a,false,0,0,0,negative
a lack,false,0,0,0,negative
lack of,false,0,0,0,negative
compensation and,false,0,0,0,negative
failure to,false,0,0,0,negative
failure to,true,0,0,0,negative
to address,true,0,0,0,negative
address the,true,0,0,0,negative
the economic,true,0,0,0,negative
economic and,true,0,0,0,negative
and political,true,0,0,0,negative
facing financial,false,0,1,0,negative
faces financial,false,0,1,0,negative
face a,false,0,1,0,negative
a liquidity,false,0,1,0,negative
liquidity crisis,false,0,1,0,negative
crisis and,false,0,1,0,negative
and financial,false,0,1,0,negative
looks really,false,0,1,0,negative
unfavorable economic,true,0,0,0,negative
slower capital,false,0,0,0,negative
facing energy,false,0,0,0,negative
captivity was,false,0,0,0,negative
well aware,false,0,2,1,negative
aware of,false,0,2,1,negative
of the,false,0,2,1,negative
the alleged,false,0,2,1,negative
hostile tender,false,0,0,0,negative
reported a,false,0,1,0,negative
million fiscal,false,0,1,0,negative
fiscal first,false,0,1,0,negative
first quarter,false,0,1,0,negative
high level,false,0,0,0,negative
level of,false,0,0,0,negative
raise short,false,0,0,1,negative
short term,false,0,0,1,negative
went out,false,0,0,0,negative
out on,false,0,0,0,negative
not sold,true,0,1,0,negative
lag average,false,0,0,0,negative
internet s,false,0,0,0,negative
s continued,false,0,0,0,negative
hate filled,false,0,0,0,negative
saw little,false,0,0,1,negative
weak first,false,0,0,1,negative
hastened a,false,0,0,0,negative
a downward,false,0,0,0,negative
close it,false,0,0,0,negative
six percent,false,0,0,0,negative
held us,false,0,0,0,negative
huge financial,false,0,1,1,negative
weaken the,false,0,0,0,negative
has threatened,false,0,0,1,negative
threatened to,false,0,0,1,negative
to pull,false,0,0,1,negative
pull the,false,0,0,1,negative
threat sent,false,0,0,0,negative
swedish crown,false,0,0,0,negative
slowing profits,false,0,0,0,negative
slightly lower,false,0,0,0,negative
lower rate,false,0,0,0,negative
rate of,false,0,0,0,negative
weaker profit,false,0,0,0,negative
weaker market,false,0,0,0,negative
hit by,false,0,0,2,negative
by weak,false,0,0,2,negative
weak consumer,false,0,0,2,negative
vulnerable to,false,0,0,0,negative
vulnerable to,false,0,0,0,negative
spurring anti,false,0,0,1,negative
anti eu,false,0,0,1,negative
facing down,false,0,0,0,negative
down legal,false,0,0,0,negative
endorse strict,false,0,1,0,negative
strict new,false,0,1,0,negative
jury deliberations,false,0,0,1,negative
deliberations about,false,0,0,1,negative
about to,false,0,0,1,negative
to start,false,0,0,1,negative
start in,false,0,0,1,negative
in a,false,0,0,1,negative
a key,false,0,0,1,negative
key smoking,false,0,0,1,negative
held liable,false,0,0,1,negative
liable for,false,0,0,1,negative
for a,false,0,0,1,negative
a smoker,false,0,0,1,negative
smoker s,false,0,0,1,negative
s addiction,false,0,0,1,negative
addiction that,false,0,0,1,negative
that allegedly,false,0,0,1,negative
allegedly led,false,0,0,1,negative
led to,false,0,0,1,negative
concerns about,false,0,0,0,negative
about the,false,0,0,0,negative
the indiana,false,0,0,0,negative
fighting more,false,0,0,0,negative
more bad,false,0,0,0,negative
avoid eating,false,0,0,1,negative
mad cow,false,0,0,1,negative
cow disease,false,0,0,1,negative
disease can,false,0,0,1,negative
can be,false,0,0,1,negative
be transmitted,false,0,0,1,negative
transmitted to,false,0,0,1,negative
to the,false,0,0,1,negative
closed sharply,false,0,1,0,negative
triggered a,false,0,0,0,negative
a political,false,0,0,0,negative
shocked many,false,0,0,0,negative
many by,false,0,0,0,negative
by the,false,0,0,0,negative
the ferocity,false,0,0,0,negative
ferocity of,false,0,0,0,negative
of its,false,0,0,0,negative
ruling it,false,0,0,0,negative
it out,false,0,0,0,negative
out as,false,0,0,0,negative
as a,false,0,0,0,negative
looking mighty,false,0,0,1,negative
proved a,false,0,0,0,negative
a major,false,0,0,0,negative
expected to,false,0,0,1,negative
slow to,false,0,0,2,negative
to less,false,0,0,2,negative
less than,false,0,0,2,negative
might walk,false,0,0,0,negative
walk out,false,0,0,0,negative
fell in,false,0,0,1,negative
in sluggish,false,0,0,1,negative
low volume,false,0,0,2,negative
low volatility,false,0,0,2,negative
political protest,false,0,0,0,negative
forced to,false,0,0,0,negative
the problems,false,0,1,0,negative
problems plaguing,false,0,1,0,negative
plaguing the,false,0,1,0,negative
the utility,false,0,1,0,negative
utility s,false,0,1,0,negative
s nuclear,false,0,1,0,negative
nuclear operations,false,0,1,0,negative
operations stemmed,false,0,1,0,negative
stemmed from,false,0,1,0,negative
permit and,false,0,0,0,negative
and strongly,false,0,0,0,negative
battle is,false,0,0,0,negative
ended floor,false,0,0,0,negative
floor dealings,false,0,0,0,negative
extended their,false,0,0,0,negative
defy order,false,0,0,1,negative
order to,false,0,0,1,negative
to return,false,0,0,1,negative
return to,false,0,0,1,negative
would continue,false,0,0,0,negative
continue the,false,0,0,0,negative
unfazed by,false,0,0,0,negative
by sanctions,false,0,0,0,negative
assessing the,false,0,0,0,negative
the deal,false,0,0,0,negative
will not,true,0,0,1,negative
not be,true,0,0,1,negative
would not,true,0,0,0,negative
filed a,false,0,0,0,negative
a corruption,false,0,0,0,negative
corruption case,false,0,0,0,negative
one day,false,0,0,0,negative
day strikes,false,0,0,0,negative
strikes in,false,0,0,0,negative
bowed to,false,0,0,0,negative
to market,false,0,0,0,negative
likely to,false,0,0,1,negative
to remain,false,0,0,1,negative
suffered an,false,0,0,1,negative
an unexpected,false,0,0,1,negative
back into,false,0,0,1,negative
into the,false,0,0,1,negative
the damaging,false,0,0,1,negative
damaging boom,false,0,0,1,negative
boom bust,false,0,0,1,negative
cycle that,false,0,0,1,negative
that has,false,0,0,1,negative
has plagued,false,0,0,1,negative
plagued it,false,0,0,1,negative
too general,false,0,0,2,negative
general and,false,0,0,2,negative
and failed,false,0,0,2,negative
failed to,false,0,0,2,negative
to detail,false,0,0,2,negative
detail specific,false,0,0,2,negative
specific product,false,0,0,2,negative
product lines,false,0,0,2,negative
lines and,false,0,0,2,negative
and a,false,0,0,2,negative
a timeframe,false,0,0,2,negative
timeframe for,false,0,0,2,negative
could not,true,0,0,0,negative
not be,true,0,0,0,negative
lodge a,false,0,0,0,negative
push the,false,0,0,1,negative
the island,false,0,0,1,negative
island into,false,0,0,1,negative
into diplomatic,false,0,0,1,negative
leave englewood,false,0,0,1,negative
based roc,false,0,0,1,negative
roc communities,false,0,0,1,negative
communities in,false,0,0,1,negative
in the,false,0,0,1,negative
offered no,true,0,0,0,negative
raise prices,false,0,0,0,negative-uncertain
prices after,false,0,0,0,negative-uncertain
after minimum,false,0,0,0,negative-uncertain
minimum wage,false,0,0,0,negative-uncertain
