Unigrams,Adjective1,Adjective2,Adjective3,Class
ended,unchang,NA,NA,neutral
almost,unchang,NA,NA,neutral
unchanged,unchang,NA,NA,neutral
keep,NA,NA,NA,neutral
almost,unchang,NA,NA,neutral
unchanged,unchang,NA,NA,neutral
close,NA,NA,NA,neutral
steady,NA,NA,NA,neutral
unchanged,unchang,NA,NA,neutral
unchanged,unchang,NA,NA,neutral
unchanged,unchang,NA,NA,neutral
beat,NA,NA,NA,neutral
should,stabl,NA,NA,neutral
stable,stabl,NA,NA,neutral
unchanged,unchang,NA,NA,neutral
launches,NA,NA,NA,neutral
unchanged,unchang,NA,NA,neutral
names,NA,NA,NA,neutral
named,NA,NA,NA,neutral
proposes,NA,NA,NA,neutral
rally,high,NA,NA,neutral
stalls,high,NA,NA,neutral
after,high,NA,NA,neutral
hitting,high,NA,NA,neutral
month,high,NA,NA,neutral
high,high,NA,NA,neutral
launches,NA,NA,NA,neutral
paves,NA,NA,NA,neutral
shift,NA,NA,NA,neutral
remarkably,steadi,NA,NA,neutral
steady,steadi,NA,NA,neutral
unveiled,NA,NA,NA,neutral
heavily,NA,NA,NA,neutral
speculated,NA,NA,NA,neutral
acquire,NA,NA,NA,neutral
stable,NA,NA,NA,neutral
unchanged,unchang,NA,NA,neutral
edged,NA,NA,NA,neutral
closer,NA,NA,NA,neutral
announced,NA,NA,NA,neutral
joins,other,NA,NA,neutral
other,other,NA,NA,neutral
culture,other,NA,NA,neutral
companies,other,NA,NA,neutral
festooned,NA,NA,NA,neutral
teamed,NA,NA,NA,neutral
ended,NA,NA,NA,neutral
little,NA,NA,NA,neutral
changed,NA,NA,NA,neutral
offer,NA,NA,NA,neutral
internet,NA,NA,NA,neutral
access,NA,NA,NA,neutral
unchanged,unchang,NA,NA,neutral
unchanged,unchang,NA,NA,neutral
keep,NA,NA,NA,neutral
interest,NA,NA,NA,neutral
rates,NA,NA,NA,neutral
steady,NA,NA,NA,neutral
credits,NA,NA,NA,neutral
aimed,NA,NA,NA,neutral
ought,least,NA,NA,neutral
least,least,NA,NA,neutral
match,least,NA,NA,neutral
resuming,NA,NA,NA,neutral
anxiously,NA,NA,NA,neutral
awaiting,NA,NA,NA,neutral
holding,u,NA,NA,neutral
interest,u,NA,NA,neutral
rates,u,NA,NA,neutral
steady,u,NA,NA,neutral
keep,steadi,NA,NA,neutral
rates,steadi,NA,NA,neutral
steady,steadi,NA,NA,neutral
plans,NA,NA,NA,neutral
open,NA,NA,NA,neutral
affirms,NA,NA,NA,neutral
confirmed,NA,NA,NA,neutral
joins,NA,NA,NA,neutral
outline,NA,NA,NA,neutral
steady,steadi,NA,NA,neutral
change,NA,NA,NA,neutral
steady,steadi,NA,NA,neutral
steady,steadi,NA,NA,neutral
names,NA,NA,NA,neutral
signed,NA,NA,NA,neutral
vanish,NA,NA,NA,neutral
build,NA,NA,NA,neutral
pushes,NA,NA,NA,neutral
plans,NA,NA,NA,neutral
takes,NA,NA,NA,neutral
takes,NA,NA,NA,neutral
rely,NA,NA,NA,neutral
suggesting,NA,NA,NA,neutral
ended,slow,NA,NA,neutral
slow,slow,NA,NA,neutral
trading,slow,NA,NA,neutral
flat,flat,NA,NA,neutral
sports,NA,NA,NA,neutral
appear,NA,NA,NA,neutral
embarked,NA,NA,NA,neutral
unaffected,unaffect,NA,NA,neutral
spin,NA,NA,NA,neutral
signed,NA,NA,NA,neutral
takes,NA,NA,NA,neutral
purchased,NA,NA,NA,neutral
gave,tent,NA,NA,neutral
tentative,tent,NA,NA,neutral
approval,tent,NA,NA,neutral
takes,NA,NA,NA,neutral
stand,NA,NA,NA,neutral
reported,NA,NA,NA,neutral
unchanged,unchang,NA,NA,neutral
unchanged,unchang,NA,NA,neutral
unchanged,unchang,NA,NA,neutral
sets,NA,NA,NA,neutral
plans,NA,NA,NA,neutral
unchanged,unchang,NA,NA,neutral
offer,NA,NA,NA,neutral
unchanged,unchang,NA,NA,neutral
operates,NA,NA,NA,neutral
provide,NA,NA,NA,neutral
little,NA,NA,NA,neutral
changed,NA,NA,NA,neutral
steady,steadi,NA,NA,neutral
unchanged,unchang,NA,NA,neutral
seen,steadi,NA,NA,neutral
steady,steadi,NA,NA,neutral
holding,NA,NA,NA,neutral
pattern,NA,NA,NA,neutral
steady,steadi,NA,NA,neutral
steady,steadi,NA,NA,neutral
change,NA,NA,NA,neutral
average,NA,NA,NA,neutral
have,NA,NA,NA,neutral-uncertain
pressed,NA,NA,NA,neutral-uncertain
discounts,NA,NA,NA,neutral-uncertain
mixed,NA,NA,NA,mixed
closed,mix,NA,NA,mixed
mixed,mix,NA,NA,mixed
closed,major,NA,NA,mixed
mixed,major,NA,NA,mixed
against,major,NA,NA,mixed
major,major,NA,NA,mixed
currencies,major,NA,NA,mixed
ended,mix,NA,NA,mixed
mixed,mix,NA,NA,mixed
mixed,mix,NA,NA,mixed
mixed,mix,NA,NA,mixed
mixed,NA,NA,NA,mixed
wins,NA,NA,NA,positive
breadth,NA,NA,NA,positive
increase,NA,NA,NA,positive
little,littl,NA,NA,positive
slowing,littl,NA,NA,positive
seen,littl,NA,NA,positive
staged,broad,NA,NA,positive
broad,broad,NA,NA,positive
based,broad,NA,NA,positive
surge,broad,NA,NA,positive
climbed,NA,NA,NA,positive
increase,NA,NA,NA,positive
headed,second,much,stronger,positive
into,second,much,stronger,positive
second,second,much,stronger,positive
half,second,much,stronger,positive
year,second,much,stronger,positive
much,second,much,stronger,positive
stronger,second,much,stronger,positive
note,second,much,stronger,positive
than,second,much,stronger,positive
anticipated,second,much,stronger,positive
third,third,NA,NA,positive
record,third,NA,NA,positive
close,third,NA,NA,positive
after,strong,NA,NA,positive
overcoming,strong,NA,NA,positive
jitters,strong,NA,NA,positive
from,strong,NA,NA,positive
unexpectedly,strong,NA,NA,positive
strong,strong,NA,NA,positive
sales,strong,NA,NA,positive
data,strong,NA,NA,positive
powered,new,NA,NA,positive
peak,new,NA,NA,positive
percent,NA,NA,NA,positive
surge,NA,NA,NA,positive
rose,NA,NA,NA,positive
solidly,NA,NA,NA,positive
fattened,NA,NA,NA,positive
orders,NA,NA,NA,positive
strongly,NA,NA,NA,positive
posted,broad,NA,NA,positive
broad,broad,NA,NA,positive
based,broad,NA,NA,positive
gains,broad,NA,NA,positive
jump,NA,NA,NA,positive
demand,NA,NA,NA,positive
climbed,NA,NA,NA,positive
much,robust,NA,NA,positive
more,robust,NA,NA,positive
robust,robust,NA,NA,positive
increase,robust,NA,NA,positive
rise,NA,NA,NA,positive
second,second,big,NA,positive
increase,second,big,NA,positive
haul,NA,NA,NA,positive
jumped,NA,NA,NA,positive
dropped,NA,NA,NA,positive
leapt,NA,NA,NA,positive
rise,NA,NA,NA,positive
rebound,low,high,NA,positive
from,low,high,NA,positive
years,low,high,NA,positive
high,low,high,NA,positive
calmed,NA,NA,NA,positive
fears,NA,NA,NA,positive
higher,NA,NA,NA,positive
gains,NA,NA,NA,positive
talk,NA,NA,NA,positive
internet,NA,NA,NA,positive
plans,NA,NA,NA,positive
sharply,NA,NA,NA,positive
higher,NA,NA,NA,positive
beating,previou,NA,NA,positive
previous,previou,NA,NA,positive
trading,previou,NA,NA,positive
encouraging,NA,NA,NA,positive
higher,NA,NA,NA,positive
gain,NA,NA,NA,positive
opens,new,NA,NA,positive
trading,new,NA,NA,positive
peak,new,NA,NA,positive
above,new,NA,NA,positive
advanced,new,NA,NA,positive
peak,new,NA,NA,positive
press,NA,NA,NA,positive
ahead,NA,NA,NA,positive
with,NA,NA,NA,positive
strike,NA,NA,NA,positive
rebounded,NA,NA,NA,positive
empowered,NA,NA,NA,positive
blesses,NA,NA,NA,positive
safety,proven,NA,NA,positive
companies,proven,NA,NA,positive
with,proven,NA,NA,positive
proven,proven,NA,NA,positive
records,proven,NA,NA,positive
came,high,NA,NA,positive
within,high,NA,NA,positive
skip,high,NA,NA,positive
jump,high,NA,NA,positive
time,high,NA,NA,positive
high,high,NA,NA,positive
rallied,NA,NA,NA,positive
slipped,NA,NA,NA,positive
profit,NA,NA,NA,positive
taking,NA,NA,NA,positive
propped,NA,NA,NA,positive
rising,NA,NA,NA,positive
demand,NA,NA,NA,positive
energy,NA,NA,NA,positive
record,NA,NA,NA,positive
setting,NA,NA,NA,positive
record,NA,NA,NA,positive
highs,NA,NA,NA,positive
rise,NA,NA,NA,positive
points,NA,NA,NA,positive
stronger,stronger,NA,NA,positive
than,stronger,NA,NA,positive
expected,stronger,NA,NA,positive
data,stronger,NA,NA,positive
boost,NA,NA,NA,positive
help,NA,NA,NA,positive
shows,NA,NA,NA,positive
confidence,NA,NA,NA,positive
shows,NA,NA,NA,positive
level,NA,NA,NA,positive
confidence,NA,NA,NA,positive
pushed,NA,NA,NA,positive
boosted,NA,NA,NA,positive
boost,NA,NA,NA,positive
quadrupled,NA,NA,NA,positive
booming,NA,NA,NA,positive
demand,NA,NA,NA,positive
boosted,NA,NA,NA,positive
robust,robust,NA,NA,positive
demand,robust,NA,NA,positive
jumped,NA,NA,NA,positive
demand,NA,NA,NA,positive
close,highest,NA,NA,positive
highest,highest,NA,NA,positive
level,highest,NA,NA,positive
setting,NA,NA,NA,positive
record,NA,NA,NA,positive
highs,NA,NA,NA,positive
rise,NA,NA,NA,positive
hikes,NA,NA,NA,positive
increased,NA,NA,NA,positive
reaching,new,NA,NA,positive
highs,new,NA,NA,positive
rose,NA,NA,NA,positive
rose,NA,NA,NA,positive
ruled,NA,NA,NA,positive
favor,NA,NA,NA,positive
boost,NA,NA,NA,positive
reaffirm,NA,NA,NA,positive
ties,NA,NA,NA,positive
curb,NA,NA,NA,positive
fees,NA,NA,NA,positive
promised,NA,NA,NA,positive
relief,NA,NA,NA,positive
improve,NA,NA,NA,positive
quality,NA,NA,NA,positive
boost,NA,NA,NA,positive
protect,NA,NA,NA,positive
curbing,NA,NA,NA,positive
perfect,perfect,NA,NA,positive
lightening,perfect,NA,NA,positive
convinced,NA,NA,NA,positive
rose,NA,NA,NA,positive
percent,NA,NA,NA,positive
rose,NA,NA,NA,positive
percent,NA,NA,NA,positive
higher,NA,NA,NA,positive
improved,NA,NA,NA,positive
reach,NA,NA,NA,positive
hamlet,NA,NA,NA,positive
finals,NA,NA,NA,positive
emerged,NA,NA,NA,positive
commanding,NA,NA,NA,positive
advantage,NA,NA,NA,positive
impressive,impress,NA,NA,positive
performance,impress,NA,NA,positive
clocked,best,NA,NA,positive
best,best,NA,NA,positive
time,best,NA,NA,positive
minute,best,NA,NA,positive
seconds,best,NA,NA,positive
advanced,NA,NA,NA,positive
semifinals,NA,NA,NA,positive
reaches,NA,NA,NA,positive
semifinals,NA,NA,NA,positive
good,good,good,NA,positive
match,good,good,NA,positive
good,good,good,NA,positive
scoring,biggest,NA,NA,positive
biggest,biggest,NA,NA,positive
victory,biggest,NA,NA,positive
happy,happi,NA,NA,positive
high,high,NA,NA,positive
giving,NA,NA,NA,positive
them,NA,NA,NA,positive
lead,NA,NA,NA,positive
could,NA,NA,NA,positive
thrust,NA,NA,NA,positive
essex,NA,NA,NA,positive
course,NA,NA,NA,positive
success,NA,NA,NA,positive
went,previou,best,NA,positive
past,previou,best,NA,positive
previous,previou,best,NA,positive
test,previou,best,NA,positive
best,previou,best,NA,positive
keeps,NA,NA,NA,positive
pakistan,NA,NA,NA,positive
looks,capabl,NA,NA,positive
well,capabl,NA,NA,positive
capable,capabl,NA,NA,positive
made,NA,NA,NA,positive
history,NA,NA,NA,positive
gave,unbeat,NA,NA,positive
blacks,unbeat,NA,NA,positive
unbeatable,unbeat,NA,NA,positive
break,NA,NA,NA,positive
broke,broke,NA,NA,positive
knocking,NA,NA,NA,positive
three,NA,NA,NA,positive
days,NA,NA,NA,positive
greatest,greatest,NA,NA,positive
accomplishment,greatest,NA,NA,positive
sailing,greatest,NA,NA,positive
great,great,person,NA,positive
personal,great,person,NA,positive
satisfaction,great,person,NA,positive
opens,NA,NA,NA,positive
office,NA,NA,NA,positive
overcame,worst,NA,NA,positive
some,worst,NA,NA,positive
worst,worst,NA,NA,positive
reviews,worst,NA,NA,positive
year,worst,NA,NA,positive
open,open,u,NA,positive
office,open,u,NA,positive
soften,NA,NA,NA,positive
wins,NA,NA,NA,positive
save,NA,NA,NA,positive
very,attract,NA,NA,positive
attractive,attract,NA,NA,positive
rose,NA,NA,NA,positive
reacted,NA,NA,NA,positive
positively,NA,NA,NA,positive
opportunity,NA,NA,NA,positive
respond,NA,NA,NA,positive
positively,NA,NA,NA,positive
accepted,NA,NA,NA,positive
hopeful,hope,speedi,mmc,positive
that,hope,speedi,mmc,positive
there,hope,speedi,mmc,positive
would,hope,speedi,mmc,positive
speedy,hope,speedi,mmc,positive
resolution,hope,speedi,mmc,positive
inquiry,hope,speedi,mmc,positive
will,NA,NA,NA,positive
come,NA,NA,NA,positive
relief,NA,NA,NA,positive
voted,NA,NA,NA,positive
percent,NA,NA,NA,positive
favor,NA,NA,NA,positive
rising,NA,NA,NA,positive
rise,NA,NA,NA,positive
forecast,NA,NA,NA,positive
stability,NA,NA,NA,positive
gains,NA,NA,NA,positive
rose,NA,NA,NA,positive
gained,NA,NA,NA,positive
closed,NA,NA,NA,positive
slightly,NA,NA,NA,positive
higher,NA,NA,NA,positive
growing,NA,NA,NA,positive
rapidly,NA,NA,NA,positive
ripe,ripe,NA,NA,positive
peaked,peak,NA,NA,positive
backed,NA,NA,NA,positive
right,NA,NA,NA,positive
this,NA,NA,NA,positive
money,NA,NA,NA,positive
slightly,better,NA,NA,positive
better,better,NA,NA,positive
than,better,NA,NA,positive
estimate,better,NA,NA,positive
july,better,NA,NA,positive
expected,NA,NA,NA,positive
expect,NA,NA,NA,positive
there,concret,NA,NA,positive
will,concret,NA,NA,positive
concrete,concret,NA,NA,positive
progress,concret,NA,NA,positive
clawing,most,NA,NA,positive
back,most,NA,NA,positive
most,most,NA,NA,positive
days,most,NA,NA,positive
losses,most,NA,NA,positive
recovered,NA,NA,NA,positive
recovered,NA,NA,NA,positive
followed,last,NA,NA,positive
string,last,NA,NA,positive
records,last,NA,NA,positive
last,last,NA,NA,positive
week,last,NA,NA,positive
culminating,high,NA,NA,positive
fridays,high,NA,NA,positive
trading,high,NA,NA,positive
high,high,NA,NA,positive
recovers,NA,NA,NA,positive
reasonably,confid,NA,NA,positive
confident,confid,NA,NA,positive
showing,necessari,polit,NA,positive
necessary,necessari,polit,NA,positive
political,necessari,polit,NA,positive
will,necessari,polit,NA,positive
meet,necessari,polit,NA,positive
having,consider,NA,NA,positive
already,consider,NA,NA,positive
made,consider,NA,NA,positive
considerable,consider,NA,NA,positive
progress,consider,NA,NA,positive
paring,consider,NA,NA,positive
back,consider,NA,NA,positive
clear,clear,NA,NA,positive
determination,clear,NA,NA,positive
behalf,clear,NA,NA,positive
governments,clear,NA,NA,positive
meet,clear,NA,NA,positive
rose,NA,NA,NA,positive
recovers,NA,NA,NA,positive
strongly,NA,NA,NA,positive
very,strong,NA,NA,positive
strong,strong,NA,NA,positive
recovery,strong,NA,NA,positive
rebounding,NA,NA,NA,positive
better,better,same,NA,positive
than,better,same,NA,positive
same,better,same,NA,positive
period,better,same,NA,positive
year,better,same,NA,positive
both,better,same,NA,positive
japan,better,same,NA,positive
abroad,better,same,NA,positive
rebounding,NA,NA,NA,positive
gradually,NA,NA,NA,positive
gradual,gradual,NA,NA,positive
recovery,gradual,NA,NA,positive
trend,gradual,NA,NA,positive
ends,NA,NA,NA,positive
peacefully,NA,NA,NA,positive
ended,NA,NA,NA,positive
peacefully,NA,NA,NA,positive
more,worldwid,NA,NA,positive
than,worldwid,NA,NA,positive
percent,worldwid,NA,NA,positive
worldwide,worldwid,NA,NA,positive
membership,worldwid,NA,NA,positive
accepted,worldwid,NA,NA,positive
offer,worldwid,NA,NA,positive
from,NA,NA,NA,positive
percent,NA,NA,NA,positive
acceptance,NA,NA,NA,positive
level,NA,NA,NA,positive
delighted,NA,NA,NA,positive
well,high,NA,NA,positive
placed,high,NA,NA,positive
high,high,NA,NA,positive
profits,high,NA,NA,positive
need,NA,NA,NA,positive
strengthen,NA,NA,NA,positive
pushed,NA,NA,NA,positive
prices,NA,NA,NA,positive
higher,NA,NA,NA,positive
turned,NA,NA,NA,positive
higher,NA,NA,NA,positive
highest,highest,NA,NA,positive
rescued,NA,NA,NA,positive
string,NA,NA,NA,positive
records,NA,NA,NA,positive
unwound,NA,NA,NA,positive
freed,NA,NA,NA,positive
wowed,NA,NA,NA,positive
canada,NA,NA,NA,positive
with,NA,NA,NA,positive
record,NA,NA,NA,positive
smashing,NA,NA,NA,positive
victory,NA,NA,NA,positive
setting,new,NA,NA,positive
record,new,NA,NA,positive
confirmed,right,NA,NA,positive
them,right,NA,NA,positive
rightful,right,NA,NA,positive
owners,right,NA,NA,positive
wins,NA,NA,NA,positive
would,NA,NA,NA,positive
help,NA,NA,NA,positive
great,great,strateg,NA,positive
strategic,great,strateg,NA,positive
importance,great,strateg,NA,positive
support,NA,NA,NA,positive
gave,NA,NA,NA,positive
boost,NA,NA,NA,positive
supports,NA,NA,NA,positive
move,apple,internet,extrem,positive
underscores,apple,internet,extrem,positive
apples,apple,internet,extrem,positive
commitment,apple,internet,extrem,positive
developing,apple,internet,extrem,positive
internet,apple,internet,extrem,positive
technologies,apple,internet,extrem,positive
extends,apple,internet,extrem,positive
relationship,apple,internet,extrem,positive
between,apple,internet,extrem,positive
companies,apple,internet,extrem,positive
time,apple,internet,extrem,positive
when,apple,internet,extrem,positive
they,apple,internet,extrem,positive
both,apple,internet,extrem,positive
facing,apple,internet,extrem,positive
extreme,apple,internet,extrem,positive
competitive,apple,internet,extrem,positive
pressure,apple,internet,extrem,positive
provide,free,comprehens,NA,positive
hassle,free,comprehens,NA,positive
free,free,comprehens,NA,positive
experience,free,comprehens,NA,positive
comprehensive,free,comprehens,NA,positive
customer,free,comprehens,NA,positive
care,free,comprehens,NA,positive
rose,NA,NA,NA,positive
rise,NA,NA,NA,positive
rally,NA,NA,NA,positive
rose,NA,NA,NA,positive
rebounded,NA,NA,NA,positive
rallied,NA,NA,NA,positive
highest,highest,NA,NA,positive
futures,highest,NA,NA,positive
price,highest,NA,NA,positive
climbed,NA,NA,NA,positive
closed,NA,NA,NA,positive
higher,NA,NA,NA,positive
four,NA,NA,NA,positive
month,NA,NA,NA,positive
highs,NA,NA,NA,positive
post,solid,NA,NA,positive
solid,solid,NA,NA,positive
profits,solid,NA,NA,positive
kicked,NA,NA,NA,positive
justifying,recent,NA,NA,positive
recent,recent,NA,NA,positive
gains,recent,NA,NA,positive
their,recent,NA,NA,positive
stock,recent,NA,NA,positive
prices,recent,NA,NA,positive
reported,NA,NA,NA,positive
profit,NA,NA,NA,positive
will,uncondit,NA,NA,positive
enough,uncondit,NA,NA,positive
declare,uncondit,NA,NA,positive
plan,uncondit,NA,NA,positive
unconditional,uncondit,NA,NA,positive
support,NA,NA,NA,positive
grows,NA,NA,NA,positive
lloyds,NA,NA,NA,positive
rescue,NA,NA,NA,positive
lift,higher,NA,NA,positive
german,higher,NA,NA,positive
stocks,higher,NA,NA,positive
higher,higher,NA,NA,positive
close,higher,NA,NA,positive
ended,NA,NA,NA,positive
tuesday,NA,NA,NA,positive
higher,NA,NA,NA,positive
helped,NA,NA,NA,positive
lift,NA,NA,NA,positive
volumes,higher,monday,NA,positive
higher,higher,monday,NA,positive
than,higher,monday,NA,positive
mondays,higher,monday,NA,positive
year,higher,monday,NA,positive
lows,higher,monday,NA,positive
chemical,NA,NA,NA,positive
shares,NA,NA,NA,positive
drove,NA,NA,NA,positive
afternoon,NA,NA,NA,positive
ibis,NA,NA,NA,positive
gains,NA,NA,NA,positive
ended,NA,NA,NA,positive
ended,NA,NA,NA,positive
reported,NA,NA,NA,positive
eight,NA,NA,NA,positive
percent,NA,NA,NA,positive
increase,NA,NA,NA,positive
rises,NA,NA,NA,positive
rose,healthi,NA,NA,positive
healthy,healthi,NA,NA,positive
percent,healthi,NA,NA,positive
forecast,higher,NA,NA,positive
higher,higher,NA,NA,positive
profits,higher,NA,NA,positive
rise,NA,NA,NA,positive
percent,NA,NA,NA,positive
increase,NA,NA,NA,positive
look,NA,NA,NA,positive
fine,NA,NA,NA,positive
rose,NA,NA,NA,positive
great,great,better,NA,positive
growth,great,better,NA,positive
potential,great,better,NA,positive
will,great,better,NA,positive
obtain,great,better,NA,positive
better,great,better,NA,positive
market,great,better,NA,positive
position,great,better,NA,positive
increased,NA,NA,NA,positive
increased,NA,NA,NA,positive
percent,NA,NA,NA,positive
gained,NA,NA,NA,positive
jumps,NA,NA,NA,positive
jumped,NA,NA,NA,positive
jumps,NA,NA,NA,positive
gained,NA,NA,NA,positive
increased,NA,NA,NA,positive
sees,higher,NA,NA,positive
higher,higher,NA,NA,positive
profits,higher,NA,NA,positive
more,NA,NA,NA,positive
than,NA,NA,NA,positive
doubled,NA,NA,NA,positive
would,NA,NA,NA,positive
clearly,NA,NA,NA,positive
higher,NA,NA,NA,positive
surge,NA,NA,NA,positive
profits,NA,NA,NA,positive
increased,NA,NA,NA,positive
favourable,favour,NA,NA,positive
increase,NA,NA,NA,positive
profits,NA,NA,NA,positive
profitability,NA,NA,NA,positive
improved,NA,NA,NA,positive
areas,NA,NA,NA,positive
groups,NA,NA,NA,positive
activities,NA,NA,NA,positive
boost,NA,NA,NA,positive
sees,new,NA,NA,positive
jobs,new,NA,NA,positive
will,NA,NA,NA,positive
increase,NA,NA,NA,positive
expects,new,NA,NA,positive
workers,new,NA,NA,positive
year,new,NA,NA,positive
addition,NA,NA,NA,positive
increase,NA,NA,NA,positive
ease,NA,NA,NA,positive
ease,NA,NA,NA,positive
stands,NA,NA,NA,positive
side,NA,NA,NA,positive
seen,NA,NA,NA,positive
promising,NA,NA,NA,positive
trend,NA,NA,NA,positive
monthly,monthli,NA,NA,positive
trade,monthli,NA,NA,positive
surpluses,monthli,NA,NA,positive
sharply,NA,NA,NA,positive
slowing,NA,NA,NA,positive
chalked,NA,NA,NA,positive
good,good,NA,NA,positive
figure,good,NA,NA,positive
market,good,NA,NA,positive
provide,bullish,NA,NA,positive
some,bullish,NA,NA,positive
bullish,bullish,NA,NA,positive
trend,bullish,NA,NA,positive
posted,NA,NA,NA,positive
gains,NA,NA,NA,positive
concentrate,NA,NA,NA,positive
develop,NA,NA,NA,positive
strong,strong,NA,NA,positive
portfolio,strong,NA,NA,positive
title,strong,NA,NA,positive
highest,highest,NA,NA,positive
close,highest,NA,NA,positive
rallies,NA,NA,NA,positive
trading,highest,NA,NA,positive
close,highest,NA,NA,positive
around,highest,NA,NA,positive
their,highest,NA,NA,positive
highest,highest,NA,NA,positive
year,highest,NA,NA,positive
rose,NA,NA,NA,positive
slightly,NA,NA,NA,positive
higher,NA,NA,NA,positive
narrowly,NA,NA,NA,positive
outnumbered,NA,NA,NA,positive
holds,NA,NA,NA,positive
above,NA,NA,NA,positive
delighted,NA,NA,NA,positive
implemented,NA,NA,NA,positive
successfully,NA,NA,NA,positive
gone,NA,NA,NA,positive
very,NA,NA,NA,positive
well,NA,NA,NA,positive
today,NA,NA,NA,positive
appear,happi,NA,NA,positive
very,happi,NA,NA,positive
happy,happi,NA,NA,positive
prompted,NA,NA,NA,positive
concentrate,NA,NA,NA,positive
develop,NA,NA,NA,positive
remains,popular,NA,NA,positive
popular,popular,NA,NA,positive
getting,NA,NA,NA,positive
better,NA,NA,NA,positive
reckoned,NA,NA,NA,positive
create,such,domin,NA,positive
such,such,domin,NA,positive
dominant,such,domin,NA,positive
force,such,domin,NA,positive
industry,such,domin,NA,positive
rose,NA,NA,NA,positive
climbed,NA,NA,NA,positive
rising,new,NA,NA,positive
record,new,NA,NA,positive
rise,NA,NA,NA,positive
media,NA,NA,NA,positive
shares,NA,NA,NA,positive
risen,NA,NA,NA,positive
lead,lead,NA,NA,positive
media,lead,NA,NA,positive
sector,lead,NA,NA,positive
continued,NA,NA,NA,positive
rise,NA,NA,NA,positive
encouraged,NA,NA,NA,positive
pretty,NA,NA,NA,positive
well,NA,NA,NA,positive
signalled,NA,NA,NA,positive
provided,good,NA,NA,positive
good,good,NA,NA,positive
platform,good,NA,NA,positive
enhancing,NA,NA,NA,positive
jumped,NA,NA,NA,positive
paying,special,NA,NA,positive
special,special,NA,NA,positive
dividend,special,NA,NA,positive
jumps,NA,NA,NA,positive
expected,good,NA,NA,positive
very,good,NA,NA,positive
good,good,NA,NA,positive
result,good,NA,NA,positive
praised,NA,NA,NA,positive
repeat,ugli,NA,NA,positive
ugly,ugli,NA,NA,positive
scenes,ugli,NA,NA,positive
slowly,NA,NA,NA,positive
recovering,NA,NA,NA,positive
ends,high,NA,NA,positive
high,high,NA,NA,positive
spirits,high,NA,NA,positive
ended,NA,NA,NA,positive
peacefully,NA,NA,NA,positive
approved,better,best,avail,positive
rules,better,best,avail,positive
designed,better,best,avail,positive
give,better,best,avail,positive
stock,better,best,avail,positive
market,better,best,avail,positive
investors,better,best,avail,positive
better,better,best,avail,positive
chance,better,best,avail,positive
getting,better,best,avail,positive
best,better,best,avail,positive
price,better,best,avail,positive
available,better,best,avail,positive
their,better,best,avail,positive
orders,better,best,avail,positive
recognised,NA,NA,NA,positive
qualified,NA,NA,NA,positive
improve,NA,NA,NA,positive
closed,close,NA,NA,positive
floor,close,NA,NA,positive
trading,close,NA,NA,positive
pushes,new,NA,NA,positive
london,new,NA,NA,positive
stocks,new,NA,NA,positive
record,new,NA,NA,positive
helped,london,new,NA,positive
push,london,new,NA,positive
leading,london,new,NA,positive
london,london,new,NA,positive
shares,london,new,NA,positive
record,london,new,NA,positive
high,london,new,NA,positive
jumps,NA,NA,NA,positive
jumped,NA,NA,NA,positive
citing,NA,NA,NA,positive
rising,NA,NA,NA,positive
near,NA,NA,NA,positive
term,NA,NA,NA,positive
confidence,NA,NA,NA,positive
rising,NA,NA,NA,positive
confidence,NA,NA,NA,positive
helping,NA,NA,NA,positive
ease,NA,NA,NA,positive
were,NA,NA,NA,positive
better,NA,NA,NA,positive
boosts,NA,NA,NA,positive
boosted,NA,NA,NA,positive
would,NA,NA,NA,positive
rise,NA,NA,NA,positive
sending,NA,NA,NA,positive
dollar,NA,NA,NA,positive
soaring,NA,NA,NA,positive
above,NA,NA,NA,positive
forecast,NA,NA,NA,positive
rise,NA,NA,NA,positive
epidemic,rapid,NA,NA,positive
rapid,rapid,NA,NA,positive
decline,rapid,NA,NA,positive
good,good,NA,NA,positive
news,good,NA,NA,positive
accepted,NA,NA,NA,positive
accepted,NA,NA,NA,positive
have,NA,NA,NA,positive
made,NA,NA,NA,positive
their,NA,NA,NA,positive
views,NA,NA,NA,positive
toward,NA,NA,NA,positive
rally,NA,NA,NA,positive
rallied,NA,NA,NA,positive
again,NA,NA,NA,positive
found,NA,NA,NA,positive
support,NA,NA,NA,positive
caught,financi,NA,NA,positive
financial,financi,NA,NA,positive
markets,financi,NA,NA,positive
boosts,NA,NA,NA,positive
will,NA,NA,NA,positive
likely,NA,NA,NA,positive
lured,NA,NA,NA,positive
back,NA,NA,NA,positive
were,NA,NA,NA,positive
point,NA,NA,NA,positive
where,NA,NA,NA,positive
fundamentals,NA,NA,NA,positive
with,NA,NA,NA,positive
back,NA,NA,NA,positive
recovery,NA,NA,NA,positive
track,NA,NA,NA,positive
buzz,NA,NA,NA,positive
excitement,NA,NA,NA,positive
closing,NA,NA,NA,positive
record,NA,NA,NA,positive
highs,NA,NA,NA,positive
always,NA,NA,NA,positive
been,NA,NA,NA,positive
getting,NA,NA,NA,positive
ahead,NA,NA,NA,positive
itself,NA,NA,NA,positive
terms,NA,NA,NA,positive
fundamentals,NA,NA,NA,positive
brings,mexican,NA,NA,positive
mexican,mexican,NA,NA,positive
markets,mexican,NA,NA,positive
life,mexican,NA,NA,positive
play,major,NA,NA,positive
major,major,NA,NA,positive
role,major,NA,NA,positive
expected,NA,NA,NA,positive
save,NA,NA,NA,positive
million,NA,NA,NA,positive
would,NA,NA,NA,positive
improve,NA,NA,NA,positive
steps,NA,NA,NA,positive
revitalise,NA,NA,NA,positive
feel,NA,NA,NA,positive
like,NA,NA,NA,positive
movie,NA,NA,NA,positive
star,NA,NA,NA,positive
limited,limit,NA,NA,positive
edition,limit,NA,NA,positive
shirt,limit,NA,NA,positive
discounts,limit,NA,NA,positive
food,limit,NA,NA,positive
merchandise,limit,NA,NA,positive
branded,brand,fun,usual,positive
credit,brand,fun,usual,positive
cards,brand,fun,usual,positive
that,brand,fun,usual,positive
make,brand,fun,usual,positive
going,brand,fun,usual,positive
into,brand,fun,usual,positive
debt,brand,fun,usual,positive
more,brand,fun,usual,positive
than,brand,fun,usual,positive
usual,brand,fun,usual,positive
preferential,preferenti,NA,NA,positive
seating,preferenti,NA,NA,positive
restaurants,preferenti,NA,NA,positive
offer,NA,NA,NA,positive
increase,NA,NA,NA,positive
gains,NA,NA,NA,positive
rose,NA,NA,NA,positive
edged,NA,NA,NA,positive
higher,NA,NA,NA,positive
pulled,NA,NA,NA,positive
coffee,NA,NA,NA,positive
prices,NA,NA,NA,positive
edged,NA,NA,NA,positive
higher,NA,NA,NA,positive
rallied,NA,NA,NA,positive
held,NA,NA,NA,positive
interest,NA,NA,NA,positive
rates,NA,NA,NA,positive
steady,NA,NA,NA,positive
rose,NA,NA,NA,positive
closed,NA,NA,NA,positive
within,stone,high,NA,positive
stones,stone,high,NA,positive
throw,stone,high,NA,positive
record,stone,high,NA,positive
closing,stone,high,NA,positive
high,stone,high,NA,positive
keeps,NA,NA,NA,positive
interest,NA,NA,NA,positive
rates,NA,NA,NA,positive
steady,NA,NA,NA,positive
profitable,profit,NA,NA,positive
making,profit,NA,NA,positive
money,profit,NA,NA,positive
internet,profit,NA,NA,positive
business,profit,NA,NA,positive
help,NA,NA,NA,positive
offer,free,NA,NA,positive
service,free,NA,NA,positive
free,free,NA,NA,positive
will,NA,NA,NA,positive
rise,NA,NA,NA,positive
projected,NA,NA,NA,positive
percent,NA,NA,NA,positive
average,NA,NA,NA,positive
child,NA,NA,NA,positive
recover,NA,NA,NA,positive
hundreds,NA,NA,NA,positive
millions,NA,NA,NA,positive
dollars,NA,NA,NA,positive
will,welcom,NA,NA,positive
welcome,welcom,NA,NA,positive
relief,welcom,NA,NA,positive
cent,short,NA,NA,positive
hour,short,NA,NA,positive
increase,short,NA,NA,positive
will,short,NA,NA,positive
have,short,NA,NA,positive
little,short,NA,NA,positive
short,short,NA,NA,positive
term,short,NA,NA,positive
impact,short,NA,NA,positive
rose,NA,NA,NA,positive
held,NA,NA,NA,positive
interest,NA,NA,NA,positive
rates,NA,NA,NA,positive
steady,NA,NA,NA,positive
held,NA,NA,NA,positive
interest,NA,NA,NA,positive
rates,NA,NA,NA,positive
steady,NA,NA,NA,positive
stock,NA,NA,NA,positive
prices,NA,NA,NA,positive
rose,NA,NA,NA,positive
after,NA,NA,NA,positive
announcement,NA,NA,NA,positive
rose,NA,NA,NA,positive
closed,NA,NA,NA,positive
mostly,NA,NA,NA,positive
higher,NA,NA,NA,positive
cleared,NA,NA,NA,positive
hurdle,NA,NA,NA,positive
approves,NA,NA,NA,positive
campaigned,u,NA,NA,positive
among,u,NA,NA,positive
veterans,u,NA,NA,positive
helped,NA,NA,NA,positive
lead,NA,NA,NA,positive
lent,NA,NA,NA,positive
prestige,NA,NA,NA,positive
popularity,NA,NA,NA,positive
gave,NA,NA,NA,positive
millions,NA,NA,NA,positive
americans,NA,NA,NA,positive
raise,NA,NA,NA,positive
reward,NA,NA,NA,positive
boosts,NA,NA,NA,positive
ability,NA,NA,NA,positive
keep,NA,NA,NA,positive
recover,NA,NA,NA,positive
recover,NA,NA,NA,positive
cooling,NA,NA,NA,positive
without,NA,NA,NA,positive
inflation,NA,NA,NA,positive
heating,NA,NA,NA,positive
united,inform,european,fair,positive
states,inform,european,fair,positive
seek,inform,european,fair,positive
informal,inform,european,fair,positive
alliance,inform,european,fair,positive
with,inform,european,fair,positive
japan,inform,european,fair,positive
european,inform,european,fair,positive
union,inform,european,fair,positive
world,inform,european,fair,positive
trade,inform,european,fair,positive
rules,inform,european,fair,positive
assure,inform,european,fair,positive
fair,inform,european,fair,positive
play,inform,european,fair,positive
state,inform,european,fair,positive
trading,inform,european,fair,positive
enterprises,inform,european,fair,positive
announce,NA,NA,NA,positive
credits,NA,NA,NA,positive
boosts,NA,NA,NA,positive
lent,NA,NA,NA,positive
prestige,NA,NA,NA,positive
popularity,NA,NA,NA,positive
helped,u,NA,NA,positive
lead,u,NA,NA,positive
troops,u,NA,NA,positive
victory,u,NA,NA,positive
operation,u,NA,NA,positive
desert,u,NA,NA,positive
storm,u,NA,NA,positive
gulf,u,NA,NA,positive
chalked,NA,NA,NA,positive
record,NA,NA,NA,positive
couldnt,better,NA,NA,positive
have,better,NA,NA,positive
forecast,better,NA,NA,positive
better,better,NA,NA,positive
background,better,NA,NA,positive
equity,better,NA,NA,positive
market,better,NA,NA,positive
closes,NA,NA,NA,positive
record,NA,NA,NA,positive
going,NA,NA,NA,positive
closed,NA,NA,NA,positive
points,NA,NA,NA,positive
higher,NA,NA,NA,positive
surpassing,previou,NA,NA,positive
previous,previou,NA,NA,positive
record,previou,NA,NA,positive
expected,NA,NA,NA,positive
triple,NA,NA,NA,positive
expected,retail,tripl,NA,positive
retail,retail,tripl,NA,positive
revenues,retail,tripl,NA,positive
triple,retail,tripl,NA,positive
stays,posit,NA,NA,positive
positive,posit,NA,NA,positive
risen,NA,NA,NA,positive
developing,NA,NA,NA,positive
line,NA,NA,NA,positive
with,NA,NA,NA,positive
expectations,NA,NA,NA,positive
help,NA,NA,NA,positive
closed,better,NA,NA,positive
slightly,better,NA,NA,positive
better,better,NA,NA,positive
points,better,NA,NA,positive
shifting,NA,NA,NA,positive
interest,NA,NA,NA,positive
help,NA,NA,NA,positive
hits,NA,NA,NA,positive
month,NA,NA,NA,positive
peak,NA,NA,NA,positive
edges,NA,NA,NA,positive
higher,NA,NA,NA,positive
were,highest,NA,NA,positive
their,highest,NA,NA,positive
highest,highest,NA,NA,positive
levels,highest,NA,NA,positive
make,recent,NA,NA,positive
breaking,recent,NA,NA,positive
through,recent,NA,NA,positive
recent,recent,NA,NA,positive
price,recent,NA,NA,positive
ceiling,recent,NA,NA,positive
just,recent,NA,NA,positive
under,recent,NA,NA,positive
ounce,recent,NA,NA,positive
revamp,NA,NA,NA,positive
softening,NA,NA,NA,positive
better,better,NA,NA,positive
measure,better,NA,NA,positive
bright,bright,NA,NA,positive
grew,NA,NA,NA,positive
steady,steadi,NA,NA,positive
gains,steadi,NA,NA,positive
increased,NA,NA,NA,positive
dramatically,NA,NA,NA,positive
succeeding,NA,NA,NA,positive
gained,NA,NA,NA,positive
expanded,NA,NA,NA,positive
million,NA,NA,NA,positive
pounds,NA,NA,NA,positive
almost,NA,NA,NA,positive
doubles,NA,NA,NA,positive
almost,NA,NA,NA,positive
doubled,NA,NA,NA,positive
jumps,NA,NA,NA,positive
jumped,NA,NA,NA,positive
rise,NA,NA,NA,positive
pointing,NA,NA,NA,positive
toward,NA,NA,NA,positive
tightening,NA,NA,NA,positive
expanded,NA,NA,NA,positive
would,NA,NA,NA,positive
rise,NA,NA,NA,positive
likely,like,NA,NA,positive
stronger,like,NA,NA,positive
anticipating,posit,NA,NA,positive
continuation,posit,NA,NA,positive
positive,posit,NA,NA,positive
business,posit,NA,NA,positive
development,posit,NA,NA,positive
sharply,NA,NA,NA,positive
healthy,healthi,NA,NA,positive
growth,healthi,NA,NA,positive
helped,NA,NA,NA,positive
outperform,NA,NA,NA,positive
rest,NA,NA,NA,positive
industry,NA,NA,NA,positive
rose,NA,NA,NA,positive
eased,NA,NA,NA,positive
dropped,NA,NA,NA,positive
happy,happi,NA,NA,positive
accomplished,happi,NA,NA,positive
promote,NA,NA,NA,positive
accelerate,NA,NA,NA,positive
lauded,australian,NA,NA,positive
australian,australian,NA,NA,positive
year,australian,NA,NA,positive
winning,prestigi,NA,NA,positive
prestigious,prestigi,NA,NA,positive
americas,prestigi,NA,NA,positive
yacht,prestigi,NA,NA,positive
race,prestigi,NA,NA,positive
climbed,NA,NA,NA,positive
surge,NA,NA,NA,positive
rise,NA,NA,NA,positive
climbed,NA,NA,NA,positive
rose,NA,NA,NA,positive
towards,top,NA,NA,positive
analysts,top,NA,NA,positive
forecasts,top,NA,NA,positive
assured,NA,NA,NA,positive
attracted,NA,NA,NA,positive
expand,NA,NA,NA,positive
expand,NA,NA,NA,positive
closes,NA,NA,NA,positive
record,NA,NA,NA,positive
closes,NA,NA,NA,positive
record,NA,NA,NA,positive
chalked,NA,NA,NA,positive
better,NA,NA,NA,positive
higher,NA,NA,NA,positive
surpassing,NA,NA,NA,positive
outweighed,NA,NA,NA,positive
subdued,NA,NA,NA,positive
considerable,consider,NA,NA,positive
impact,consider,NA,NA,positive
eased,NA,NA,NA,positive
good,good,NA,NA,positive
highest,highest,NA,NA,positive
level,highest,NA,NA,positive
stable,NA,NA,NA,positive
turned,NA,NA,NA,positive
corner,NA,NA,NA,positive
possible,possibl,NA,NA,positive
turning,possibl,NA,NA,positive
point,possibl,NA,NA,positive
expects,NA,NA,NA,positive
tripling,NA,NA,NA,positive
expected,NA,NA,NA,positive
triple,NA,NA,NA,positive
triple,tripl,NA,NA,positive
realisation,NA,NA,NA,positive
dream,NA,NA,NA,positive
built,NA,NA,NA,positive
provide,new,NA,NA,positive
services,new,NA,NA,positive
supply,interact,NA,NA,positive
interactive,interact,NA,NA,positive
services,interact,NA,NA,positive
very,big,NA,NA,positive
demand,big,NA,NA,positive
expanded,NA,NA,NA,positive
attracted,NA,NA,NA,positive
higher,NA,NA,NA,positive
rose,NA,NA,NA,positive
risen,NA,NA,NA,positive
reaching,NA,NA,NA,positive
peak,NA,NA,NA,positive
doubled,NA,NA,NA,positive
over,NA,NA,NA,positive
gain,NA,NA,NA,positive
profits,NA,NA,NA,positive
jump,NA,NA,NA,positive
rallied,NA,NA,NA,positive
close,NA,NA,NA,positive
higher,NA,NA,NA,positive
higher,NA,NA,NA,positive
reach,NA,NA,NA,positive
heights,NA,NA,NA,positive
gained,NA,NA,NA,positive
gained,NA,NA,NA,positive
raked,NA,NA,NA,positive
targets,NA,NA,NA,positive
upward,NA,NA,NA,positive
trend,NA,NA,NA,positive
this,NA,NA,NA,positive
what,NA,NA,NA,positive
wanted,NA,NA,NA,positive
satisfied,NA,NA,NA,positive
slightly,NA,NA,NA,positive
better,NA,NA,NA,positive
real,real,net,NA,positive
profit,real,net,NA,positive
growth,real,net,NA,positive
better,NA,NA,NA,positive
returning,normal,NA,NA,positive
normal,normal,NA,NA,positive
rise,NA,NA,NA,positive
jumped,NA,NA,NA,positive
more,NA,NA,NA,positive
extend,NA,NA,NA,positive
rose,NA,NA,NA,positive
higher,higher,NA,NA,positive
turnover,higher,NA,NA,positive
rise,NA,NA,NA,positive
rose,NA,NA,NA,positive
rose,NA,NA,NA,positive
moves,NA,NA,NA,positive
failing,NA,NA,NA,positive
rises,NA,NA,NA,positive
support,NA,NA,NA,positive
sees,NA,NA,NA,positive
higher,NA,NA,NA,positive
increase,NA,NA,NA,positive
increases,NA,NA,NA,positive
rise,NA,NA,NA,positive
made,signific,expansionari,NA,positive
significant,signific,expansionari,NA,positive
expansionary,signific,expansionari,NA,positive
moves,signific,expansionari,NA,positive
closed,NA,NA,NA,positive
slightly,NA,NA,NA,positive
higher,NA,NA,NA,positive
predominantly,NA,NA,NA,positive
higher,NA,NA,NA,positive
ended,firmer,NA,NA,positive
just,firmer,NA,NA,positive
firmer,firmer,NA,NA,positive
boost,NA,NA,NA,positive
raised,NA,NA,NA,positive
tuesday,NA,NA,NA,positive
offer,NA,NA,NA,positive
raised,NA,NA,NA,positive
takeover,NA,NA,NA,positive
offer,NA,NA,NA,positive
surged,NA,NA,NA,positive
improved,NA,NA,NA,positive
slightly,NA,NA,NA,positive
above,NA,NA,NA,positive
meets,NA,NA,NA,positive
expectations,NA,NA,NA,positive
slightly,NA,NA,NA,positive
above,NA,NA,NA,positive
market,NA,NA,NA,positive
expectations,NA,NA,NA,positive
rose,NA,NA,NA,positive
above,NA,NA,NA,positive
forecasts,NA,NA,NA,positive
good,good,NA,NA,positive
benefit,NA,NA,NA,positive
welcomed,NA,NA,NA,positive
prompts,NA,NA,NA,positive
revamp,NA,NA,NA,positive
elevate,elev,NA,NA,positive
rise,NA,NA,NA,positive
confounding,most,NA,NA,positive
most,most,NA,NA,positive
expectations,most,NA,NA,positive
surging,NA,NA,NA,positive
expanded,NA,NA,NA,positive
performed,NA,NA,NA,positive
frets,NA,NA,NA,positive
boosting,NA,NA,NA,positive
priority,NA,NA,NA,positive
rose,NA,NA,NA,positive
rise,NA,NA,NA,positive
rose,NA,NA,NA,positive
doubles,premier,NA,NA,positive
premier,premier,NA,NA,positive
cabinet,premier,NA,NA,positive
chief,premier,NA,NA,positive
expand,NA,NA,NA,positive
fertile,fertil,NA,NA,positive
ground,fertil,NA,NA,positive
most,promis,NA,NA,positive
promising,promis,NA,NA,positive
understanding,NA,NA,NA,positive
magnitude,NA,NA,NA,positive
opportunity,NA,NA,NA,positive
hopes,NA,NA,NA,positive
pins,NA,NA,NA,positive
hope,NA,NA,NA,positive
positive,posit,NA,NA,positive
impact,posit,NA,NA,positive
encouraging,NA,NA,NA,positive
tentatively,NA,NA,NA,positive
enjoy,NA,NA,NA,positive
plan,NA,NA,NA,positive
rest,NA,NA,NA,positive
savor,NA,NA,NA,positive
sweetness,NA,NA,NA,positive
freedom,NA,NA,NA,positive
rises,NA,NA,NA,positive
rose,NA,NA,NA,positive
helped,NA,NA,NA,positive
good,good,NA,NA,positive
trade,good,NA,NA,positive
number,good,NA,NA,positive
predicted,NA,NA,NA,positive
improved,NA,NA,NA,positive
earnings,NA,NA,NA,positive
boost,big,NA,NA,positive
enormous,enorm,NA,NA,positive
potential,enorm,NA,NA,positive
defended,NA,NA,NA,positive
raise,NA,NA,NA,positive
less,hazard,NA,NA,positive
hazardous,hazard,NA,NA,positive
mixed,mix,econom,NA,positive
economic,mix,econom,NA,positive
data,mix,econom,NA,positive
touch,polit,NA,NA,positive
political,polit,NA,NA,positive
pressure,polit,NA,NA,positive
exceptional,except,NA,NA,positive
profit,except,NA,NA,positive
performance,except,NA,NA,positive
significant,signific,NA,NA,positive
turnaround,signific,NA,NA,positive
profitability,signific,NA,NA,positive
posted,NA,NA,NA,positive
profits,NA,NA,NA,positive
exceeded,NA,NA,NA,positive
analysts,NA,NA,NA,positive
expectations,NA,NA,NA,positive
fuelled,robust,NA,NA,positive
expense,robust,NA,NA,positive
cuts,robust,NA,NA,positive
fatter,robust,NA,NA,positive
price,robust,NA,NA,positive
mark,robust,NA,NA,positive
robust,robust,NA,NA,positive
sales,robust,NA,NA,positive
higher,higher,NA,NA,positive
earnings,higher,NA,NA,positive
quadrupled,NA,NA,NA,positive
cost,NA,NA,NA,positive
cuts,NA,NA,NA,positive
profits,NA,NA,NA,positive
modest,modest,NA,NA,positive
improvements,modest,NA,NA,positive
jumped,NA,NA,NA,positive
rose,NA,NA,NA,positive
removed,possibl,NA,NA,positive
possible,possibl,NA,NA,positive
roadblock,possibl,NA,NA,positive
higher,NA,NA,NA,positive
bounded,NA,NA,NA,positive
higher,NA,NA,NA,positive
raising,NA,NA,NA,positive
increase,NA,NA,NA,positive
raise,NA,NA,NA,positive
their,NA,NA,NA,positive
ability,NA,NA,NA,positive
keep,NA,NA,NA,positive
their,NA,NA,NA,positive
families,NA,NA,NA,positive
together,NA,NA,NA,positive
their,NA,NA,NA,positive
failure,NA,NA,NA,positive
boost,NA,NA,NA,positive
reward,NA,NA,NA,positive
green,green,more,NA,positive
light,green,more,NA,positive
start,green,more,NA,positive
flying,green,more,NA,positive
more,green,more,NA,positive
planes,green,more,NA,positive
ward,NA,NA,NA,positive-uncertain
rose,highest,NA,NA,positive-uncertain
highest,highest,NA,NA,positive-uncertain
level,highest,NA,NA,positive-uncertain
jumped,NA,NA,NA,positive-uncertain
rose,NA,NA,NA,positive-uncertain
plans,NA,NA,NA,positive-uncertain
dropped,NA,NA,NA,positive-uncertain
narrows,NA,NA,NA,positive-uncertain
sharply,NA,NA,NA,positive-uncertain
narrowed,NA,NA,NA,positive-uncertain
percent,NA,NA,NA,negative
fall,NA,NA,NA,negative
percent,NA,NA,NA,negative
decrease,NA,NA,NA,negative
fading,NA,NA,NA,negative
outlook,gloomi,NA,NA,negative
gloomy,gloomi,NA,NA,negative
disappointing,disappoint,gener,lifeless,negative
general,disappoint,gener,lifeless,negative
feeling,disappoint,gener,lifeless,negative
that,disappoint,gener,lifeless,negative
will,disappoint,gener,lifeless,negative
remain,disappoint,gener,lifeless,negative
lifeless,disappoint,gener,lifeless,negative
failed,meaning,larger,unlik,negative
gain,meaning,larger,unlik,negative
meaningful,meaning,larger,unlik,negative
momentum,meaning,larger,unlik,negative
back,meaning,larger,unlik,negative
bundebanks,meaning,larger,unlik,negative
larger,meaning,larger,unlik,negative
than,meaning,larger,unlik,negative
expected,meaning,larger,unlik,negative
rate,meaning,larger,unlik,negative
unlikely,meaning,larger,unlik,negative
near,meaning,larger,unlik,negative
future,meaning,larger,unlik,negative
short,short,much,NA,negative
term,short,much,NA,negative
risks,short,much,NA,negative
very,short,much,NA,negative
much,short,much,NA,negative
skewed,short,much,NA,negative
downside,short,much,NA,negative
pressed,NA,NA,NA,negative
with,NA,NA,NA,negative
strike,NA,NA,NA,negative
sued,NA,NA,NA,negative
alleged,NA,NA,NA,negative
caused,seriou,NA,NA,negative
serious,seriou,NA,NA,negative
damage,seriou,NA,NA,negative
steam,NA,NA,NA,negative
fell,NA,NA,NA,negative
very,weak,NA,NA,negative
weak,weak,NA,NA,negative
bottomed,NA,NA,NA,negative
tumble,NA,NA,NA,negative
delayed,NA,NA,NA,negative
block,NA,NA,NA,negative
indicted,huge,NA,NA,negative
huge,huge,NA,NA,negative
pyramid,huge,NA,NA,negative
scheme,huge,NA,NA,negative
fraud,huge,NA,NA,negative
indicted,NA,NA,NA,negative
seized,NA,NA,NA,negative
indictment,NA,NA,NA,negative
alleged,NA,NA,NA,negative
snub,NA,NA,NA,negative
seemed,unreadi,NA,NA,negative
unready,unreadi,NA,NA,negative
burnt,recent,small,NA,negative
recent,recent,small,NA,negative
rout,recent,small,NA,negative
small,recent,small,NA,negative
stocks,recent,small,NA,negative
down,NA,NA,NA,negative
record,NA,NA,NA,negative
fall,NA,NA,NA,negative
sharply,NA,NA,NA,negative
hammering,NA,NA,NA,negative
down,NA,NA,NA,negative
falls,NA,NA,NA,negative
down,NA,NA,NA,negative
stagnant,stagnant,NA,NA,negative
summer,higher,near,NA,negative
lethargy,higher,near,NA,negative
should,higher,near,NA,negative
prevent,higher,near,NA,negative
them,higher,near,NA,negative
breaking,higher,near,NA,negative
higher,higher,near,NA,negative
near,higher,near,NA,negative
term,higher,near,NA,negative
could,NA,NA,NA,negative
find,NA,NA,NA,negative
direction,NA,NA,NA,negative
down,NA,NA,NA,negative
growing,NA,NA,NA,negative
dependence,NA,NA,NA,negative
propose,NA,NA,NA,negative
expelling,NA,NA,NA,negative
have,NA,NA,NA,negative
almost,NA,NA,NA,negative
made,NA,NA,NA,negative
nigeria,NA,NA,NA,negative
laughing,NA,NA,NA,negative
stock,NA,NA,NA,negative
tough,tough,NA,NA,negative
line,tough,NA,NA,negative
tough,tough,NA,NA,negative
line,tough,NA,NA,negative
cheating,right,NA,NA,negative
rightful,right,NA,NA,negative
share,right,NA,NA,negative
wealth,right,NA,NA,negative
getting,fair,NA,NA,negative
their,fair,NA,NA,negative
fair,fair,NA,NA,negative
share,fair,NA,NA,negative
left,NA,NA,NA,negative
disappointed,NA,NA,NA,negative
failed,NA,NA,NA,negative
appear,NA,NA,NA,negative
sparked,NA,NA,NA,negative
fears,NA,NA,NA,negative
suffer,NA,NA,NA,negative
uncertain,uncertain,NA,NA,negative
week,uncertain,NA,NA,negative
dull,dull,NA,NA,negative
trade,dull,NA,NA,negative
ended,dull,NA,NA,negative
dull,dull,NA,NA,negative
week,dull,NA,NA,negative
defying,NA,NA,NA,negative
expectations,NA,NA,NA,negative
down,NA,NA,NA,negative
boycott,NA,NA,NA,negative
boycotted,NA,NA,NA,negative
cursed,NA,NA,NA,negative
joined,NA,NA,NA,negative
argument,NA,NA,NA,negative
rules,NA,NA,NA,negative
against,NA,NA,NA,negative
contending,addict,NA,NA,negative
that,addict,NA,NA,negative
tobacco,addict,NA,NA,negative
industry,addict,NA,NA,negative
peddled,addict,NA,NA,negative
addictive,addict,NA,NA,negative
product,addict,NA,NA,negative
that,addict,NA,NA,negative
caused,addict,NA,NA,negative
rogers,addict,NA,NA,negative
cancer,addict,NA,NA,negative
wins,littl,NA,NA,negative
little,littl,NA,NA,negative
sympathy,littl,NA,NA,negative
received,frosti,NA,NA,negative
frosty,frosti,NA,NA,negative
response,frosti,NA,NA,negative
reluctant,reluct,NA,NA,negative
endorse,reluct,NA,NA,negative
burdened,NA,NA,NA,negative
miscellaneous,miscellan,NA,NA,negative
charges,miscellan,NA,NA,negative
have,miscellan,NA,NA,negative
complaints,miscellan,NA,NA,negative
stemmed,NA,NA,NA,negative
well,NA,NA,NA,negative
below,NA,NA,NA,negative
prediction,NA,NA,NA,negative
warns,NA,NA,NA,negative
against,NA,NA,NA,negative
warned,NA,NA,NA,negative
against,NA,NA,NA,negative
pressure,NA,NA,NA,negative
flare,new,NA,NA,negative
taiwan,new,NA,NA,negative
strait,new,NA,NA,negative
prejudicial,prejudici,NA,NA,negative
tumble,NA,NA,NA,negative
pressure,NA,NA,NA,negative
mounting,NA,NA,NA,negative
lagged,NA,NA,NA,negative
suffered,NA,NA,NA,negative
estimated,NA,NA,NA,negative
million,NA,NA,NA,negative
ringgit,NA,NA,NA,negative
losses,NA,NA,NA,negative
from,NA,NA,NA,negative
blackout,NA,NA,NA,negative
expanded,NA,NA,NA,negative
allowed,NA,NA,NA,negative
corruption,NA,NA,NA,negative
into,NA,NA,NA,negative
market,NA,NA,NA,negative
caused,NA,NA,NA,negative
never,NA,NA,NA,negative
ending,NA,NA,NA,negative
series,NA,NA,NA,negative
accidents,NA,NA,NA,negative
fight,NA,NA,NA,negative
down,NA,NA,NA,negative
fell,NA,NA,NA,negative
fell,NA,NA,NA,negative
drop,NA,NA,NA,negative
would,NA,NA,NA,negative
improve,NA,NA,NA,negative
percent,NA,NA,NA,negative
drop,NA,NA,NA,negative
percent,NA,NA,NA,negative
drop,NA,NA,NA,negative
forbids,NA,NA,NA,negative
been,NA,NA,NA,negative
cancelled,NA,NA,NA,negative
refused,NA,NA,NA,negative
give,NA,NA,NA,negative
permission,NA,NA,NA,negative
give,green,NA,NA,negative
green,green,NA,NA,negative
light,green,NA,NA,negative
fears,more,young,NA,negative
gathering,more,young,NA,negative
more,more,young,NA,negative
than,more,young,NA,negative
young,more,young,NA,negative
people,more,young,NA,negative
never,NA,NA,NA,negative
agreed,NA,NA,NA,negative
refused,NA,NA,NA,negative
participate,NA,NA,NA,negative
over,NA,NA,NA,negative
funds,NA,NA,NA,negative
erupted,NA,NA,NA,negative
unauthorised,unauthoris,NA,NA,negative
falls,NA,NA,NA,negative
gets,late,NA,NA,negative
late,late,NA,NA,negative
wakeup,late,NA,NA,negative
call,late,NA,NA,negative
move,late,NA,NA,negative
into,late,NA,NA,negative
fina,late,NA,NA,negative
missed,NA,NA,NA,negative
wake,NA,NA,NA,negative
call,NA,NA,NA,negative
beat,NA,NA,NA,negative
eliminated,NA,NA,NA,negative
beat,NA,NA,NA,negative
injuring,NA,NA,NA,negative
injures,NA,NA,NA,negative
ended,bad,NA,NA,negative
week,bad,NA,NA,negative
crashing,bad,NA,NA,negative
furious,furiou,NA,NA,negative
will,easi,NA,NA,negative
allow,easi,NA,NA,negative
williams,easi,NA,NA,negative
team,easi,NA,NA,negative
mate,easi,NA,NA,negative
damon,easi,NA,NA,negative
hill,easi,NA,NA,negative
easy,easi,NA,NA,negative
world,easi,NA,NA,negative
drivers,easi,NA,NA,negative
championship,easi,NA,NA,negative
struggle,NA,NA,NA,negative
learn,NA,NA,NA,negative
frustrated,NA,NA,NA,negative
down,NA,NA,NA,negative
dismissed,NA,NA,NA,negative
rallied,NA,NA,NA,negative
past,NA,NA,NA,negative
uncharacteristically,errat,NA,NA,negative
erratic,errat,NA,NA,negative
hate,NA,NA,NA,negative
upsets,NA,NA,NA,negative
upset,NA,NA,NA,negative
beat,NA,NA,NA,negative
beat,NA,NA,NA,negative
beat,NA,NA,NA,negative
beat,NA,NA,NA,negative
suspended,NA,NA,NA,negative
force,NA,NA,NA,negative
suspension,NA,NA,NA,negative
interrupted,NA,NA,NA,negative
despairs,NA,NA,NA,negative
left,NA,NA,NA,negative
despairing,NA,NA,NA,negative
worst,worst,NA,NA,negative
performance,worst,NA,NA,negative
poor,poor,NA,NA,negative
submerged,NA,NA,NA,negative
creek,NA,NA,NA,negative
without,NA,NA,NA,negative
paddle,NA,NA,NA,negative
submerged,faint,improb,NA,negative
faint,faint,improb,NA,negative
chance,faint,improb,NA,negative
england,faint,improb,NA,negative
fighting,faint,improb,NA,negative
their,faint,improb,NA,negative
back,faint,improb,NA,negative
into,faint,improb,NA,negative
improbable,faint,improb,NA,negative
winning,faint,improb,NA,negative
positio,faint,improb,NA,negative
omens,NA,NA,NA,negative
looked,NA,NA,NA,negative
distinctly,NA,NA,NA,negative
unpromising,NA,NA,NA,negative
crash,NA,NA,NA,negative
halts,NA,NA,NA,negative
flow,NA,NA,NA,negative
held,NA,NA,NA,negative
halted,NA,NA,NA,negative
fell,sixth,NA,NA,negative
short,sixth,NA,NA,negative
becoming,sixth,NA,NA,negative
sixth,sixth,NA,NA,negative
pakistan,sixth,NA,NA,negative
batsman,sixth,NA,NA,negative
tightened,NA,NA,NA,negative
screws,NA,NA,NA,negative
defeated,NA,NA,NA,negative
suffered,fourth,success,NA,negative
fourth,fourth,success,NA,negative
successive,fourth,success,NA,negative
defeat,fourth,success,NA,negative
beat,NA,NA,NA,negative
defeat,NA,NA,NA,negative
beating,NA,NA,NA,negative
upset,NA,NA,NA,negative
weakened,NA,NA,NA,negative
beat,NA,NA,NA,negative
beat,NA,NA,NA,negative
beat,NA,NA,NA,negative
troubled,troubl,NA,NA,negative
project,troubl,NA,NA,negative
dipped,NA,NA,NA,negative
just,NA,NA,NA,negative
percent,NA,NA,NA,negative
skirmish,NA,NA,NA,negative
against,NA,NA,NA,negative
injunction,NA,NA,NA,negative
embroiled,critic,legal,NA,negative
critical,critic,legal,NA,negative
legal,critic,legal,NA,negative
battle,critic,legal,NA,negative
extracted,NA,NA,NA,negative
injunction,NA,NA,NA,negative
disputing,NA,NA,NA,negative
resisting,NA,NA,NA,negative
braced,NA,NA,NA,negative
faces,regulatori,NA,NA,negative
regulatory,regulatori,NA,NA,negative
hurdles,regulatori,NA,NA,negative
appeal,NA,NA,NA,negative
against,NA,NA,NA,negative
reeling,NA,NA,NA,negative
from,NA,NA,NA,negative
series,NA,NA,NA,negative
messy,NA,NA,NA,negative
scandals,NA,NA,NA,negative
divorces,NA,NA,NA,negative
diminshed,NA,NA,NA,negative
individual,individu,horrend,NA,negative
instances,individu,horrend,NA,negative
horrendous,individu,horrend,NA,negative
behaviour,individu,horrend,NA,negative
urged,trampl,local,NA,negative
news,trampl,local,NA,negative
media,trampl,local,NA,negative
sunday,trampl,local,NA,negative
against,trampl,local,NA,negative
trampling,trampl,local,NA,negative
local,trampl,local,NA,negative
feelings,trampl,local,NA,negative
underfoot,trampl,local,NA,negative
when,trampl,local,NA,negative
covering,trampl,local,NA,negative
such,trampl,local,NA,negative
story,trampl,local,NA,negative
were,NA,NA,NA,negative
wounded,NA,NA,NA,negative
acquired,NA,NA,NA,negative
reputation,NA,NA,NA,negative
trouble,NA,NA,NA,negative
underperforming,NA,NA,NA,negative
theyre,mad,NA,NA,negative
hell,mad,NA,NA,negative
fell,NA,NA,NA,negative
fell,NA,NA,NA,negative
percent,NA,NA,NA,negative
lost,NA,NA,NA,negative
markets,nervou,NA,NA,negative
nervous,nervou,NA,NA,negative
slipped,NA,NA,NA,negative
nearly,NA,NA,NA,negative
pfennig,NA,NA,NA,negative
subdued,NA,NA,NA,negative
depressing,depress,NA,NA,negative
effect,depress,NA,NA,negative
growing,NA,NA,NA,negative
uncertainty,NA,NA,NA,negative
ends,new,NA,NA,negative
sharply,new,NA,NA,negative
down,new,NA,NA,negative
jitters,new,NA,NA,negative
ended,european,NA,NA,negative
european,european,NA,NA,negative
trading,european,NA,NA,negative
sharply,european,NA,NA,negative
down,european,NA,NA,negative
social,social,NA,NA,negative
unrest,social,NA,NA,negative
tough,tough,NA,NA,negative
autumn,tough,NA,NA,negative
depressed,depress,NA,NA,negative
mood,depress,NA,NA,negative
disappointed,NA,NA,NA,negative
pessimistic,pessimist,NA,NA,negative
expected,NA,NA,NA,negative
troubles,NA,NA,NA,negative
feared,NA,NA,NA,negative
weaken,NA,NA,NA,negative
slow,slow,NA,NA,negative
weakened,NA,NA,NA,negative
fell,NA,NA,NA,negative
starting,NA,NA,NA,negative
lose,NA,NA,NA,negative
momentum,NA,NA,NA,negative
rattled,NA,NA,NA,negative
added,econom,NA,NA,negative
countrys,econom,NA,NA,negative
economic,econom,NA,NA,negative
worries,econom,NA,NA,negative
diving,low,NA,NA,negative
month,low,NA,NA,negative
declined,NA,NA,NA,negative
fell,NA,NA,NA,negative
depressed,NA,NA,NA,negative
brussels,NA,NA,NA,negative
contention,NA,NA,NA,negative
could,spiral,NA,NA,negative
start,spiral,NA,NA,negative
spiralling,spiral,NA,NA,negative
subsidies,spiral,NA,NA,negative
harden,NA,NA,NA,negative
hardened,NA,NA,NA,negative
threatened,NA,NA,NA,negative
tussle,NA,NA,NA,negative
began,NA,NA,NA,negative
disappointing,disappoint,NA,NA,negative
growth,disappoint,NA,NA,negative
limited,limit,NA,NA,negative
expansion,limit,NA,NA,negative
hurts,NA,NA,NA,negative
blamed,NA,NA,NA,negative
percent,NA,NA,NA,negative
slump,NA,NA,NA,negative
sharply,NA,NA,NA,negative
below,NA,NA,NA,negative
dropped,NA,NA,NA,negative
found,guilti,NA,NA,negative
guilty,guilti,NA,NA,negative
weaker,weaker,lower,NA,negative
dollar,weaker,lower,NA,negative
bunds,weaker,lower,NA,negative
lower,weaker,lower,NA,negative
wall,weaker,lower,NA,negative
street,weaker,lower,NA,negative
slump,NA,NA,NA,negative
rise,NA,NA,NA,negative
slumped,NA,NA,NA,negative
ended,NA,NA,NA,negative
down,NA,NA,NA,negative
beat,NA,NA,NA,negative
against,NA,NA,NA,negative
refused,NA,NA,NA,negative
work,NA,NA,NA,negative
declares,NA,NA,NA,negative
bankruptcy,NA,NA,NA,negative
falls,NA,NA,NA,negative
through,NA,NA,NA,negative
fell,NA,NA,NA,negative
through,NA,NA,NA,negative
filed,NA,NA,NA,negative
chapter,NA,NA,NA,negative
bankruptcy,NA,NA,NA,negative
protection,NA,NA,NA,negative
called,NA,NA,NA,negative
warned,NA,NA,NA,negative
tuesday,NA,NA,NA,negative
tension,NA,NA,NA,negative
conflicts,NA,NA,NA,negative
protest,NA,NA,NA,negative
against,NA,NA,NA,negative
warned,like,NA,NA,negative
tuesday,like,NA,NA,negative
protests,like,NA,NA,negative
including,like,NA,NA,negative
likely,like,NA,NA,negative
strike,like,NA,NA,negative
over,like,NA,NA,negative
cuts,like,NA,NA,negative
weakened,NA,NA,NA,negative
started,NA,NA,NA,negative
week,NA,NA,NA,negative
badly,NA,NA,NA,negative
slipping,NA,NA,NA,negative
percent,NA,NA,NA,negative
european,NA,NA,NA,negative
upmarket,NA,NA,NA,negative
threat,NA,NA,NA,negative
repurcussions,big,NA,NA,negative
bloated,bloat,complac,NA,negative
prices,bloat,complac,NA,negative
workforces,bloat,complac,NA,negative
complacent,bloat,complac,NA,negative
management,bloat,complac,NA,negative
tend,NA,NA,NA,negative
give,NA,NA,NA,negative
ghost,NA,NA,NA,negative
pretty,NA,NA,NA,negative
quickly,NA,NA,NA,negative
suspends,NA,NA,NA,negative
disciplined,NA,NA,NA,negative
failed,due,NA,NA,negative
with,due,NA,NA,negative
skill,due,NA,NA,negative
care,due,NA,NA,negative
diligence,due,NA,NA,negative
started,disciplinari,NA,NA,negative
disciplinary,disciplinari,NA,NA,negative
action,disciplinari,NA,NA,negative
against,disciplinari,NA,NA,negative
stacking,unauthoris,NA,NA,negative
billion,unauthoris,NA,NA,negative
unauthorised,unauthoris,NA,NA,negative
trading,unauthoris,NA,NA,negative
losses,unauthoris,NA,NA,negative
which,unauthoris,NA,NA,negative
crippled,unauthoris,NA,NA,negative
already,NA,NA,NA,negative
uncertainty,NA,NA,NA,negative
started,NA,NA,NA,negative
week,NA,NA,NA,negative
badly,NA,NA,NA,negative
slipping,NA,NA,NA,negative
percent,NA,NA,NA,negative
down,NA,NA,NA,negative
declined,NA,NA,NA,negative
falling,NA,NA,NA,negative
most,NA,NA,NA,negative
unsettled,NA,NA,NA,negative
lower,NA,NA,NA,negative
retrenched,NA,NA,NA,negative
yield,NA,NA,NA,negative
creeping,NA,NA,NA,negative
back,NA,NA,NA,negative
poor,poor,NA,NA,negative
performance,poor,NA,NA,negative
were,unabl,friday,high,negative
unable,unabl,friday,high,negative
hold,unabl,friday,high,negative
fridays,unabl,friday,high,negative
record,unabl,friday,high,negative
closing,unabl,friday,high,negative
high,unabl,friday,high,negative
start,weaker,NA,NA,negative
weaker,weaker,NA,NA,negative
started,NA,NA,NA,negative
sharply,NA,NA,NA,negative
lower,NA,NA,NA,negative
disappointing,disappoint,NA,NA,negative
performance,disappoint,NA,NA,negative
sparked,earli,NA,NA,negative
early,earli,NA,NA,negative
markdown,earli,NA,NA,negative
armed,other,NA,NA,negative
with,other,NA,NA,negative
grenades,other,NA,NA,negative
possibly,other,NA,NA,negative
other,other,NA,NA,negative
explosives,other,NA,NA,negative
became,angri,NA,NA,negative
angry,angri,NA,NA,negative
take,fastest,NA,NA,negative
issue,fastest,NA,NA,negative
with,fastest,NA,NA,negative
world,fastest,NA,NA,negative
fastest,fastest,NA,NA,negative
title,fastest,NA,NA,negative
mounting,u,world,fastest,negative
campaign,u,world,fastest,negative
strip,u,world,fastest,negative
sprinter,u,world,fastest,negative
michael,u,world,fastest,negative
johnson,u,world,fastest,negative
title,u,world,fastest,negative
worlds,u,world,fastest,negative
fastest,u,world,fastest,negative
involved,lengthi,NA,NA,negative
lengthy,lengthi,NA,NA,negative
battle,lengthi,NA,NA,negative
rejected,NA,NA,NA,negative
sacked,NA,NA,NA,negative
accepted,NA,NA,NA,negative
firing,NA,NA,NA,negative
sacks,NA,NA,NA,negative
selloff,irregular,NA,NA,negative
irregular,irregular,NA,NA,negative
press,irregular,NA,NA,negative
lacked,NA,NA,NA,negative
vision,NA,NA,NA,negative
irregula,NA,NA,NA,negative
inadequately,NA,NA,NA,negative
planned,NA,NA,NA,negative
failed,NA,NA,NA,negative
consistently,NA,NA,NA,negative
represent,NA,NA,NA,negative
disputed,NA,NA,NA,negative
lowering,NA,NA,NA,negative
beat,NA,NA,NA,negative
declines,NA,NA,NA,negative
agreed,guilti,NA,NA,negative
plead,guilti,NA,NA,negative
guilty,guilti,NA,NA,negative
admitted,worldwid,NA,NA,negative
conspiring,worldwid,NA,NA,negative
prices,worldwid,NA,NA,negative
eliminate,worldwid,NA,NA,negative
competition,worldwid,NA,NA,negative
worldwide,worldwid,NA,NA,negative
market,worldwid,NA,NA,negative
lysine,worldwid,NA,NA,negative
animal,worldwid,NA,NA,negative
feed,worldwid,NA,NA,negative
supplement,worldwid,NA,NA,negative
left,irreconcil,NA,NA,negative
irreconcilable,irreconcil,NA,NA,negative
differences,irreconcil,NA,NA,negative
lays,NA,NA,NA,negative
laid,NA,NA,NA,negative
recalled,NA,NA,NA,negative
just,NA,NA,NA,negative
didnt,NA,NA,NA,negative
make,NA,NA,NA,negative
sense,NA,NA,NA,negative
focus,NA,NA,NA,negative
falling,NA,NA,NA,negative
pipeline,NA,NA,NA,negative
gold,NA,NA,NA,negative
issues,NA,NA,NA,negative
giving,NA,NA,NA,negative
back,NA,NA,NA,negative
some,NA,NA,NA,negative
gains,NA,NA,NA,negative
lost,NA,NA,NA,negative
close,NA,NA,NA,negative
higher,NA,NA,NA,negative
fell,NA,NA,NA,negative
fell,NA,NA,NA,negative
shed,NA,NA,NA,negative
lower,NA,NA,NA,negative
lost,NA,NA,NA,negative
defends,NA,NA,NA,negative
defended,NA,NA,NA,negative
locked,NA,NA,NA,negative
horns,NA,NA,NA,negative
insolvent,insolv,NA,NA,negative
deadline,NA,NA,NA,negative
looms,NA,NA,NA,negative
threatens,NA,NA,NA,negative
throw,NA,NA,NA,negative
recovery,NA,NA,NA,negative
plan,NA,NA,NA,negative
track,NA,NA,NA,negative
freeze,NA,NA,NA,negative
declares,NA,NA,NA,negative
bankruptcy,NA,NA,NA,negative
falls,NA,NA,NA,negative
through,NA,NA,NA,negative
efforts,NA,NA,NA,negative
sell,NA,NA,NA,negative
ailing,NA,NA,NA,negative
company,NA,NA,NA,negative
fell,NA,NA,NA,negative
through,NA,NA,NA,negative
stake,NA,NA,NA,negative
claims,NA,NA,NA,negative
threatens,NA,NA,NA,negative
argue,NA,NA,NA,negative
could,NA,NA,NA,negative
eventually,NA,NA,NA,negative
lead,NA,NA,NA,negative
collapse,NA,NA,NA,negative
fell,NA,NA,NA,negative
slightly,NA,NA,NA,negative
disappointed,NA,NA,NA,negative
growing,NA,NA,NA,negative
pressure,NA,NA,NA,negative
reported,real,NA,NA,negative
million,real,NA,NA,negative
real,real,NA,NA,negative
loss,real,NA,NA,negative
operations,NA,NA,NA,negative
lost,NA,NA,NA,negative
higher,higher,NA,NA,negative
than,higher,NA,NA,negative
expected,higher,NA,NA,negative
losses,higher,NA,NA,negative
closure,NA,NA,NA,negative
which,NA,NA,NA,negative
said,NA,NA,NA,negative
harmed,NA,NA,NA,negative
sees,NA,NA,NA,negative
some,NA,NA,NA,negative
escalation,NA,NA,NA,negative
easing,NA,NA,NA,negative
tensions,NA,NA,NA,negative
over,NA,NA,NA,negative
disputed,NA,NA,NA,negative
subsidies,NA,NA,NA,negative
state,NA,NA,NA,negative
saxony,NA,NA,NA,negative
file,NA,NA,NA,negative
complaint,NA,NA,NA,negative
study,NA,NA,NA,negative
appeal,NA,NA,NA,negative
against,NA,NA,NA,negative
disgraced,NA,NA,NA,negative
sentenced,mutini,NA,NA,negative
death,mutini,NA,NA,negative
charges,mutini,NA,NA,negative
mutiny,mutini,NA,NA,negative
treason,mutini,NA,NA,negative
studying,NA,NA,NA,negative
ways,NA,NA,NA,negative
challenge,NA,NA,NA,negative
appeal,NA,NA,NA,negative
against,NA,NA,NA,negative
preparing,NA,NA,NA,negative
challenge,NA,NA,NA,negative
some,foreign,NA,NA,negative
foreign,foreign,NA,NA,negative
investors,foreign,NA,NA,negative
have,foreign,NA,NA,negative
been,foreign,NA,NA,negative
shrink,NA,NA,NA,negative
stem,NA,NA,NA,negative
against,other,same,NA,negative
each,other,same,NA,negative
other,other,same,NA,negative
same,other,same,NA,negative
business,other,same,NA,negative
sparks,racist,NA,NA,negative
racist,racist,NA,NA,negative
charge,racist,NA,NA,negative
accused,NA,NA,NA,negative
viewers,NA,NA,NA,negative
promoting,NA,NA,NA,negative
racism,NA,NA,NA,negative
protested,NA,NA,NA,negative
misconstrued,NA,NA,NA,negative
disturbing,disturb,NA,NA,negative
drew,NA,NA,NA,negative
complaints,NA,NA,NA,negative
from,NA,NA,NA,negative
viewers,NA,NA,NA,negative
restricted,NA,NA,NA,negative
growing,public,demon,NA,negative
public,public,demon,NA,negative
concern,public,demon,NA,negative
about,public,demon,NA,negative
demonic,public,demon,NA,negative
images,public,demon,NA,negative
advertising,public,demon,NA,negative
distress,NA,NA,NA,negative
scary,scari,NA,NA,negative
were,NA,NA,NA,negative
days,NA,NA,NA,negative
highs,NA,NA,NA,negative
retreated,NA,NA,NA,negative
down,NA,NA,NA,negative
ended,weaker,NA,NA,negative
weaker,weaker,NA,NA,negative
announced,NA,NA,NA,negative
plans,NA,NA,NA,negative
downward,downward,NA,NA,negative
correction,downward,NA,NA,negative
pares,NA,NA,NA,negative
gains,NA,NA,NA,negative
signs,NA,NA,NA,negative
that,NA,NA,NA,negative
rally,NA,NA,NA,negative
could,NA,NA,NA,negative
losing,NA,NA,NA,negative
momentum,NA,NA,NA,negative
possible,possibl,NA,NA,negative
damage,possibl,NA,NA,negative
aroused,NA,NA,NA,negative
worries,NA,NA,NA,negative
shortage,avail,NA,NA,negative
quality,avail,NA,NA,negative
coffee,avail,NA,NA,negative
available,avail,NA,NA,negative
immediate,immedi,NA,NA,negative
concern,immedi,NA,NA,negative
losses,NA,NA,NA,negative
weakness,NA,NA,NA,negative
lower,NA,NA,NA,negative
muted,NA,NA,NA,negative
ongoing,ongo,NA,NA,negative
weakness,ongo,NA,NA,negative
lower,lower,NA,NA,negative
close,lower,NA,NA,negative
underpinned,NA,NA,NA,negative
closing,lower,NA,NA,negative
lower,lower,NA,NA,negative
skimmed,NA,NA,NA,negative
points,NA,NA,NA,negative
ends,NA,NA,NA,negative
lower,NA,NA,NA,negative
losses,NA,NA,NA,negative
weakness,NA,NA,NA,negative
kept,NA,NA,NA,negative
held,NA,NA,NA,negative
series,NA,NA,NA,negative
strikes,NA,NA,NA,negative
dispute,NA,NA,NA,negative
over,NA,NA,NA,negative
have,short,NA,NA,negative
staged,short,NA,NA,negative
short,short,NA,NA,negative
stoppages,short,NA,NA,negative
been,NA,NA,NA,negative
affected,NA,NA,NA,negative
disputes,NA,NA,NA,negative
reasonable,reason,NA,NA,negative
risk,reason,NA,NA,negative
that,reason,NA,NA,negative
happening,reason,NA,NA,negative
grounds,NA,NA,NA,negative
objections,NA,NA,NA,negative
forced,NA,NA,NA,negative
call,NA,NA,NA,negative
denied,NA,NA,NA,negative
objected,NA,NA,NA,negative
utterly,NA,NA,NA,negative
refused,NA,NA,NA,negative
rejected,NA,NA,NA,negative
vowed,NA,NA,NA,negative
fight,NA,NA,NA,negative
shuns,NA,NA,NA,negative
rebuff,NA,NA,NA,negative
back,NA,NA,NA,negative
rampage,NA,NA,NA,negative
wiped,NA,NA,NA,negative
flat,flat,NA,NA,negative
down,NA,NA,NA,negative
ecological,ecolog,NA,NA,negative
warfare,ecolog,NA,NA,negative
broken,ecolog,NA,NA,negative
striking,NA,NA,NA,negative
seen,new,NA,NA,negative
business,new,NA,NA,negative
risk,new,NA,NA,negative
targeted,NA,NA,NA,negative
target,NA,NA,NA,negative
were,NA,NA,NA,negative
wounded,NA,NA,NA,negative
riots,NA,NA,NA,negative
would,NA,NA,NA,negative
excluded,NA,NA,NA,negative
from,NA,NA,NA,negative
championship,NA,NA,NA,negative
infuriated,NA,NA,NA,negative
slipped,NA,NA,NA,negative
sharply,NA,NA,NA,negative
weakening,industri,NA,NA,negative
franc,industri,NA,NA,negative
fears,industri,NA,NA,negative
industrial,industri,NA,NA,negative
unrest,industri,NA,NA,negative
recent,recent,onlin,NA,negative
projected,recent,onlin,NA,negative
losses,recent,onlin,NA,negative
uncertainties,recent,onlin,NA,negative
facing,recent,onlin,NA,negative
online,recent,onlin,NA,negative
industry,recent,onlin,NA,negative
reported,NA,NA,NA,negative
loss,NA,NA,NA,negative
projected,NA,NA,NA,negative
loss,NA,NA,NA,negative
drop,NA,NA,NA,negative
hurt,NA,NA,NA,negative
have,NA,NA,NA,negative
been,NA,NA,NA,negative
hurt,NA,NA,NA,negative
fell,NA,NA,NA,negative
slightly,NA,NA,NA,negative
down,NA,NA,NA,negative
boost,NA,NA,NA,negative
falling,NA,NA,NA,negative
minus,NA,NA,NA,negative
seven,NA,NA,NA,negative
would,NA,NA,NA,negative
stay,NA,NA,NA,negative
rock,NA,NA,NA,negative
bottom,NA,NA,NA,negative
levels,NA,NA,NA,negative
weakening,NA,NA,NA,negative
record,NA,NA,NA,negative
down,NA,NA,NA,negative
strike,NA,NA,NA,negative
worries,NA,NA,NA,negative
jolted,NA,NA,NA,negative
grew,gloomi,NA,NA,negative
unexpectedly,gloomi,NA,NA,negative
gloomy,gloomi,NA,NA,negative
jolted,NA,NA,NA,negative
falling,NA,NA,NA,negative
minus,NA,NA,NA,negative
seven,NA,NA,NA,negative
potential,potenti,infect,NA,negative
worry,potenti,infect,NA,negative
looking,potenti,infect,NA,negative
number,potenti,infect,NA,negative
infected,potenti,infect,NA,negative
animals,potenti,infect,NA,negative
that,potenti,infect,NA,negative
entered,potenti,infect,NA,negative
food,potenti,infect,NA,negative
chain,potenti,infect,NA,negative
hard,hard,rid,epidem,negative
epidemic,hard,rid,epidem,negative
faster,hard,rid,epidem,negative
without,hard,rid,epidem,negative
slaughtering,hard,rid,epidem,negative
vast,hard,rid,epidem,negative
numbers,hard,rid,epidem,negative
cattle,hard,rid,epidem,negative
below,NA,NA,NA,negative
levels,NA,NA,NA,negative
fall,NA,NA,NA,negative
showing,NA,NA,NA,negative
drop,NA,NA,NA,negative
down,NA,NA,NA,negative
down,NA,NA,NA,negative
pitfalls,NA,NA,NA,negative
ahead,NA,NA,NA,negative
falters,NA,NA,NA,negative
wary,wari,NA,NA,negative
have,NA,NA,NA,negative
threatened,NA,NA,NA,negative
bring,NA,NA,NA,negative
down,NA,NA,NA,negative
month,NA,NA,NA,negative
lows,NA,NA,NA,negative
crisis,NA,NA,NA,negative
free,free,NA,NA,negative
falling,free,NA,NA,negative
peso,free,NA,NA,negative
stubbornly,high,NA,NA,negative
high,high,NA,NA,negative
interest,high,NA,NA,negative
rates,high,NA,NA,negative
reports,NA,NA,NA,negative
loss,NA,NA,NA,negative
cutting,NA,NA,NA,negative
reported,larg,fiscal,first,negative
surprisingly,larg,fiscal,first,negative
large,larg,fiscal,first,negative
million,larg,fiscal,first,negative
fiscal,larg,fiscal,first,negative
first,larg,fiscal,first,negative
quarter,larg,fiscal,first,negative
loss,larg,fiscal,first,negative
blaming,NA,NA,NA,negative
decline,NA,NA,NA,negative
predicted,second,NA,NA,negative
second,second,NA,NA,negative
quarter,second,NA,NA,negative
loss,second,NA,NA,negative
tumble,NA,NA,NA,negative
fell,NA,NA,NA,negative
fell,NA,NA,NA,negative
fell,NA,NA,NA,negative
enormous,enorm,financi,NA,negative
financial,enorm,financi,NA,negative
burden,enorm,financi,NA,negative
vigorously,NA,NA,NA,negative
defend,NA,NA,NA,negative
itself,NA,NA,NA,negative
against,NA,NA,NA,negative
suits,NA,NA,NA,negative
against,NA,NA,NA,negative
what,NA,NA,NA,negative
were,NA,NA,NA,negative
concerned,NA,NA,NA,negative
about,NA,NA,NA,negative
ripple,NA,NA,NA,negative
effect,NA,NA,NA,negative
brings,NA,NA,NA,negative
also,higher,other,fast,negative
translate,higher,other,fast,negative
into,higher,other,fast,negative
higher,higher,other,fast,negative
prices,higher,other,fast,negative
hamburgers,higher,other,fast,negative
pizzas,higher,other,fast,negative
other,higher,other,fast,negative
fast,higher,other,fast,negative
food,higher,other,fast,negative
items,higher,other,fast,negative
slowing,NA,NA,NA,negative
economy,second,NA,NA,negative
slowing,second,NA,NA,negative
from,second,NA,NA,negative
burst,second,NA,NA,negative
growth,second,NA,NA,negative
second,second,NA,NA,negative
quarter,second,NA,NA,negative
without,second,NA,NA,negative
inflation,second,NA,NA,negative
heating,second,NA,NA,negative
underwent,second,NA,NA,negative
second,second,NA,NA,negative
court,second,NA,NA,negative
interrogation,second,NA,NA,negative
applied,NA,NA,NA,negative
injunction,NA,NA,NA,negative
block,NA,NA,NA,negative
fell,NA,NA,NA,negative
beat,NA,NA,NA,negative
stop,NA,NA,NA,negative
merger,NA,NA,NA,negative
accused,NA,NA,NA,negative
died,NA,NA,NA,negative
filed,NA,NA,NA,negative
lawsuits,NA,NA,NA,negative
tuesday,NA,NA,NA,negative
against,NA,NA,NA,negative
slipped,NA,NA,NA,negative
slip,NA,NA,NA,negative
stung,NA,NA,NA,negative
closed,NA,NA,NA,negative
down,NA,NA,NA,negative
overheated,NA,NA,NA,negative
slowed,NA,NA,NA,negative
recently,NA,NA,NA,negative
weakened,NA,NA,NA,negative
have,NA,NA,NA,negative
stalled,NA,NA,NA,negative
priorities,u,unfair,NA,negative
would,u,unfair,NA,negative
elimination,u,unfair,NA,negative
unfair,u,unfair,NA,negative
export,u,unfair,NA,negative
subsidies,u,unfair,NA,negative
controls,u,unfair,NA,negative
called,u,unfair,NA,negative
stes,u,unfair,NA,negative
undergoes,NA,NA,NA,negative
grilling,NA,NA,NA,negative
faced,NA,NA,NA,negative
three,NA,NA,NA,negative
hour,NA,NA,NA,negative
grilling,NA,NA,NA,negative
threatens,last,NA,NA,negative
last,last,NA,NA,negative
minute,last,NA,NA,negative
upset,last,NA,NA,negative
applied,NA,NA,NA,negative
injunction,NA,NA,NA,negative
stop,NA,NA,NA,negative
contravened,NA,NA,NA,negative
fighting,underw,sever,NA,negative
action,underw,sever,NA,negative
personally,underw,sever,NA,negative
underwent,underw,sever,NA,negative
several,underw,sever,NA,negative
hours,underw,sever,NA,negative
cross,underw,sever,NA,negative
examination,underw,sever,NA,negative
faulted,NA,NA,NA,negative
accusing,NA,NA,NA,negative
pulled,NA,NA,NA,negative
talks,NA,NA,NA,negative
hammered,NA,NA,NA,negative
refused,NA,NA,NA,negative
accept,NA,NA,NA,negative
split,NA,NA,NA,negative
split,NA,NA,NA,negative
apart,NA,NA,NA,negative
sank,lowest,NA,NA,negative
lowest,lowest,NA,NA,negative
level,lowest,NA,NA,negative
year,lowest,NA,NA,negative
month,lowest,NA,NA,negative
percent,NA,NA,NA,negative
slide,NA,NA,NA,negative
slumped,NA,NA,NA,negative
swollen,NA,NA,NA,negative
gains,NA,NA,NA,negative
from,NA,NA,NA,negative
selling,NA,NA,NA,negative
units,NA,NA,NA,negative
ended,NA,NA,NA,negative
down,NA,NA,NA,negative
took,biggest,NA,NA,negative
biggest,biggest,NA,NA,negative
battering,biggest,NA,NA,negative
sold,NA,NA,NA,negative
million,NA,NA,NA,negative
down,NA,NA,NA,negative
slows,NA,NA,NA,negative
slowed,NA,NA,NA,negative
slowdown,NA,NA,NA,negative
loss,NA,NA,NA,negative
grows,NA,NA,NA,negative
expanded,NA,NA,NA,negative
percent,NA,NA,NA,negative
million,NA,NA,NA,negative
pounds,NA,NA,NA,negative
fallen,NA,NA,NA,negative
well,NA,NA,NA,negative
below,NA,NA,NA,negative
still,short,NA,NA,negative
well,short,NA,NA,negative
short,short,NA,NA,negative
pence,short,NA,NA,negative
level,short,NA,NA,negative
flotation,short,NA,NA,negative
falter,NA,NA,NA,negative
further,further,NA,NA,negative
stumbling,further,NA,NA,negative
block,further,NA,NA,negative
impossible,imposs,NA,NA,negative
looms,NA,NA,NA,negative
slipped,NA,NA,NA,negative
were,NA,NA,NA,negative
below,NA,NA,NA,negative
threatens,last,NA,NA,negative
last,last,NA,NA,negative
minute,last,NA,NA,negative
upset,last,NA,NA,negative
down,NA,NA,NA,negative
fell,NA,NA,NA,negative
fell,NA,NA,NA,negative
failed,NA,NA,NA,negative
give,NA,NA,NA,negative
buoyancy,NA,NA,NA,negative
plunged,NA,NA,NA,negative
drop,NA,NA,NA,negative
jailed,NA,NA,NA,negative
failed,NA,NA,NA,negative
jailed,NA,NA,NA,negative
fraud,NA,NA,NA,negative
found,guilti,NA,NA,negative
guilty,guilti,NA,NA,negative
improperly,NA,NA,NA,negative
used,NA,NA,NA,negative
position,NA,NA,NA,negative
shed,NA,NA,NA,negative
lower,NA,NA,NA,negative
burn,NA,NA,NA,negative
burnt,australian,NA,NA,negative
australian,australian,NA,NA,negative
flag,australian,NA,NA,negative
staged,NA,NA,NA,negative
rallies,NA,NA,NA,negative
brisbane,NA,NA,NA,negative
adelaide,NA,NA,NA,negative
against,NA,NA,NA,negative
rowdy,NA,NA,NA,negative
stamp,NA,NA,NA,negative
stamp,NA,NA,NA,negative
rowdy,NA,NA,NA,negative
attacked,NA,NA,NA,negative
repelled,NA,NA,NA,negative
repeatedly,NA,NA,NA,negative
kicked,NA,NA,NA,negative
ended,NA,NA,NA,negative
riot,NA,NA,NA,negative
anti,NA,NA,NA,negative
government,NA,NA,NA,negative
rally,NA,NA,NA,negative
clashed,NA,NA,NA,negative
against,NA,NA,NA,negative
sank,NA,NA,NA,negative
venturing,NA,NA,NA,negative
lags,NA,NA,NA,negative
down,NA,NA,NA,negative
narrowing,NA,NA,NA,negative
misunderstood,NA,NA,NA,negative
poor,poor,NA,NA,negative
performance,poor,NA,NA,negative
poor,poor,NA,NA,negative
returns,poor,NA,NA,negative
easy,easi,NA,NA,negative
complaints,NA,NA,NA,negative
surge,NA,NA,NA,negative
over,NA,NA,NA,negative
complaints,NA,NA,NA,negative
broke,broke,NA,NA,negative
rules,broke,NA,NA,negative
breached,NA,NA,NA,negative
degenerate,NA,NA,NA,negative
battle,NA,NA,NA,negative
against,NA,NA,NA,negative
cautious,cautiou,NA,NA,negative
ahead,cautiou,NA,NA,negative
below,NA,NA,NA,negative
lower,NA,NA,NA,negative
fell,NA,NA,NA,negative
lower,NA,NA,NA,negative
loss,NA,NA,NA,negative
loss,NA,NA,NA,negative
widens,NA,NA,NA,negative
stronger,NA,NA,NA,negative
without,NA,NA,NA,negative
regard,NA,NA,NA,negative
concerned,NA,NA,NA,negative
against,NA,NA,NA,negative
suffered,NA,NA,NA,negative
sharply,NA,NA,NA,negative
lower,NA,NA,NA,negative
correspond,NA,NA,NA,negative
losing,NA,NA,NA,negative
fell,NA,NA,NA,negative
falls,NA,NA,NA,negative
back,NA,NA,NA,negative
well,NA,NA,NA,negative
below,NA,NA,NA,negative
hastened,downward,NA,NA,negative
downward,downward,NA,NA,negative
correction,downward,NA,NA,negative
shrank,NA,NA,NA,negative
lose,NA,NA,NA,negative
uncertain,uncertain,NA,NA,negative
fall,NA,NA,NA,negative
fall,NA,NA,NA,negative
down,NA,NA,NA,negative
down,NA,NA,NA,negative
ineffectiveness,NA,NA,NA,negative
deficit,NA,NA,NA,negative
debt,NA,NA,NA,negative
sparked,violent,NA,NA,negative
violent,violent,NA,NA,negative
protests,violent,NA,NA,negative
reduce,NA,NA,NA,negative
attack,NA,NA,NA,negative
dangerously,NA,NA,NA,negative
exposed,NA,NA,NA,negative
slashed,NA,NA,NA,negative
heated,NA,NA,NA,negative
opposition,NA,NA,NA,negative
slipped,NA,NA,NA,negative
below,NA,NA,NA,negative
down,NA,NA,NA,negative
muted,NA,NA,NA,negative
turnover,poor,NA,NA,negative
poor,poor,NA,NA,negative
muted,NA,NA,NA,negative
hurting,NA,NA,NA,negative
touched,NA,NA,NA,negative
problem,NA,NA,NA,negative
backfire,NA,NA,NA,negative
spark,NA,NA,NA,negative
into,NA,NA,NA,negative
expected,NA,NA,NA,negative
decline,NA,NA,NA,negative
slide,NA,NA,NA,negative
fell,NA,NA,NA,negative
hugs,slow,NA,NA,negative
slow,slow,NA,NA,negative
lane,slow,NA,NA,negative
does,slow,NA,NA,negative
look,slow,NA,NA,negative
like,slow,NA,NA,negative
will,slow,NA,NA,negative
moving,slow,NA,NA,negative
slow,slow,NA,NA,negative
lane,slow,NA,NA,negative
down,NA,NA,NA,negative
wary,wari,NA,NA,negative
wary,wari,NA,NA,negative
denies,NA,NA,NA,negative
prohibits,NA,NA,NA,negative
hurt,NA,NA,NA,negative
good,good,NA,NA,negative
news,good,NA,NA,negative
uncompetitive,uncompetit,NA,NA,negative
worst,worst,NA,NA,negative
campus,worst,NA,NA,negative
violence,worst,NA,NA,negative
lack,NA,NA,NA,negative
isolated,NA,NA,NA,negative
isolated,NA,NA,NA,negative
alienated,NA,NA,NA,negative
blocking,NA,NA,NA,negative
their,NA,NA,NA,negative
efforts,NA,NA,NA,negative
dropping,NA,NA,NA,negative
fall,NA,NA,NA,negative
flagging,NA,NA,NA,negative
plunged,NA,NA,NA,negative
against,NA,NA,NA,negative
accusing,NA,NA,NA,negative
damaging,NA,NA,NA,negative
inefficient,ineffici,NA,NA,negative
shows,NA,NA,NA,negative
lack,NA,NA,NA,negative
leadership,NA,NA,NA,negative
abused,NA,NA,NA,negative
damage,NA,NA,NA,negative
bring,NA,NA,NA,negative
down,NA,NA,NA,negative
compensation,NA,NA,NA,negative
losses,NA,NA,NA,negative
threatened,NA,NA,NA,negative
fouled,NA,NA,NA,negative
perplexed,NA,NA,NA,negative
nervous,nervou,NA,NA,negative
strained,strain,NA,NA,negative
ties,strain,NA,NA,negative
savage,savag,NA,NA,negative
failure,NA,NA,NA,negative
address,NA,NA,NA,negative
failure,econom,polit,NA,negative
address,econom,polit,NA,negative
economic,econom,polit,NA,negative
political,econom,polit,NA,negative
problems,econom,polit,NA,negative
political,polit,NA,NA,negative
instability,polit,NA,NA,negative
facing,financi,NA,NA,negative
financial,financi,NA,NA,negative
collapse,financi,NA,NA,negative
faces,financi,NA,NA,negative
financial,financi,NA,NA,negative
collapse,financi,NA,NA,negative
lifted,NA,NA,NA,negative
fail,NA,NA,NA,negative
face,financi,NA,NA,negative
liquidity,financi,NA,NA,negative
crisis,financi,NA,NA,negative
financial,financi,NA,NA,negative
collapse,financi,NA,NA,negative
decline,NA,NA,NA,negative
closed,NA,NA,NA,negative
lower,NA,NA,NA,negative
dull,dull,NA,NA,negative
trading,dull,NA,NA,negative
fell,NA,NA,NA,negative
fell,NA,NA,NA,negative
looks,bad,NA,NA,negative
really,bad,NA,NA,negative
keeps,NA,NA,NA,negative
pressure,NA,NA,NA,negative
maintains,NA,NA,NA,negative
pressure,NA,NA,NA,negative
accelerate,NA,NA,NA,negative
damages,NA,NA,NA,negative
hurt,NA,NA,NA,negative
stagnated,NA,NA,NA,negative
damages,NA,NA,NA,negative
stagnation,NA,NA,NA,negative
unfavorable,unfavor,econom,NA,negative
economic,unfavor,econom,NA,negative
conditions,unfavor,econom,NA,negative
poor,poor,NA,NA,negative
performance,poor,NA,NA,negative
slower,slower,NA,NA,negative
capital,slower,NA,NA,negative
inflows,slower,NA,NA,negative
facing,NA,NA,NA,negative
energy,NA,NA,NA,negative
shortages,NA,NA,NA,negative
isolate,NA,NA,NA,negative
went,bankrupt,NA,NA,negative
bankrupt,bankrupt,NA,NA,negative
captivity,NA,NA,NA,negative
harrowing,NA,NA,NA,negative
harrowing,NA,NA,NA,negative
kidnapped,NA,NA,NA,negative
tremendous,tremend,NA,NA,negative
toll,tremend,NA,NA,negative
alleged,NA,NA,NA,negative
scheme,NA,NA,NA,negative
convicted,NA,NA,NA,negative
well,awar,alleg,NA,negative
aware,awar,alleg,NA,negative
alleged,awar,alleg,NA,negative
actions,awar,alleg,NA,negative
sharp,sharp,NA,NA,negative
drop,sharp,NA,NA,negative
disappointment,NA,NA,NA,negative
shrank,NA,NA,NA,negative
fell,NA,NA,NA,negative
sharply,NA,NA,NA,negative
rose,NA,NA,NA,negative
drops,NA,NA,NA,negative
spurned,NA,NA,NA,negative
dropped,NA,NA,NA,negative
hostile,hostil,NA,NA,negative
tender,hostil,NA,NA,negative
offer,hostil,NA,NA,negative
cutting,NA,NA,NA,negative
reported,fiscal,first,NA,negative
million,fiscal,first,NA,negative
fiscal,fiscal,first,NA,negative
first,fiscal,first,NA,negative
quarter,fiscal,first,NA,negative
loss,fiscal,first,NA,negative
expected,NA,NA,NA,negative
losses,NA,NA,NA,negative
reports,NA,NA,NA,negative
loss,NA,NA,NA,negative
cutting,NA,NA,NA,negative
unsafe,unsaf,NA,NA,negative
acceptable,accept,NA,NA,negative
fell,NA,NA,NA,negative-uncertain
slightly,NA,NA,NA,negative-uncertain
raise,minimum,NA,NA,negative-uncertain
prices,minimum,NA,NA,negative-uncertain
after,minimum,NA,NA,negative-uncertain
minimum,minimum,NA,NA,negative-uncertain
